<?xml version="1.0" encoding="UTF-8"?>
<definitions xmlns="http://www.omg.org/spec/BPMN/20100524/MODEL" xmlns:bpmndi="http://www.omg.org/spec/BPMN/20100524/DI" xmlns:omgdc="http://www.omg.org/spec/DD/20100524/DC" xmlns:omgdi="http://www.omg.org/spec/DD/20100524/DI" xmlns:signavio="http://www.signavio.com" xmlns:xsi="http://www.w3.org/2001/XMLSchema-instance" exporter="Signavio Process Editor, http://www.signavio.com" exporterVersion="10.11.0" expressionLanguage="http://www.w3.org/TR/XPath" id="sid-a0982ca0-8655-4f8d-9b79-115af769c832" targetNamespace="http://www.signavio.com" typeLanguage="http://www.w3.org/2001/XMLSchema" xsi:schemaLocation="http://www.omg.org/spec/BPMN/20100524/MODEL http://www.omg.org/spec/BPMN/2.0/20100501/BPMN20.xsd">
   <process id="ParallelR1R2_1.2.1" isClosed="false" isExecutable="true" processType="None">
      <extensionElements>
         <signavio:signavioDiagramMetaData metaKey="revisionid" metaValue="ba173d9f095249ba9b56fceeb96d830b"/>
      </extensionElements>
      <startEvent id="sid-881B2D55-48E5-4A43-88DF-4F681019428C" name="1.2.1 Start">
         <extensionElements>
            <signavio:signavioMetaData metaKey="bgcolor" metaValue="#ffffff"/>
            <signavio:signavioMetaData metaKey="preceedingprocesses" metaValue="[]"/>
         </extensionElements>
         <outgoing>sid-7A13A53D-A8B8-4EB9-A4E1-2AE81B840129</outgoing>
      </startEvent>
      <scriptTask completionQuantity="1" id="sid-32A553D4-D11E-4F87-97D0-C7761D911AC1" isForCompensation="false" name="Empty ST &#10;1.2.1.1" scriptFormat="groovy" startQuantity="1">
         <extensionElements>
            <signavio:signavioMetaData metaKey="bgcolor" metaValue="#ffffcc"/>
            <signavio:signavioMetaData metaKey="risklevel" metaValue=""/>
            <signavio:signavioMetaData metaKey="externaldocuments" metaValue="[]"/>
         </extensionElements>
         <incoming>sid-7A13A53D-A8B8-4EB9-A4E1-2AE81B840129</incoming>
         <outgoing>sid-216E645C-7501-4012-83DD-0286D44063E3</outgoing>
         <script/>
      </scriptTask>
      <parallelGateway gatewayDirection="Diverging" id="sid-776DA93B-44BF-473C-83B4-2B8B1BC9AF5C" name="PG 1.2.1.1">
         <extensionElements>
            <signavio:signavioMetaData metaKey="bgcolor" metaValue="#ffffff"/>
         </extensionElements>
         <incoming>sid-216E645C-7501-4012-83DD-0286D44063E3</incoming>
         <outgoing>sid-9B7A67C9-8D3E-4DDE-8CA2-612247C557D8</outgoing>
         <outgoing>sid-7B1DFCDD-4F65-41D2-923B-15ADF441F46F</outgoing>
         <outgoing>sid-25619C78-8DC5-4AE9-9BBD-0096E28693CB</outgoing>
         <outgoing>sid-486EA9F9-2286-47A5-845E-2CC58628777F</outgoing>
      </parallelGateway>
      <scriptTask completionQuantity="1" id="sid-20E31EEF-F715-40E8-B6DA-63FEB7EAA4B8" isForCompensation="false" name="Empty ST &#10;1.2.1.2" scriptFormat="groovy" startQuantity="1">
         <extensionElements>
            <signavio:signavioMetaData metaKey="bgcolor" metaValue="#ffffcc"/>
            <signavio:signavioMetaData metaKey="risklevel" metaValue=""/>
            <signavio:signavioMetaData metaKey="externaldocuments" metaValue="[]"/>
         </extensionElements>
         <incoming>sid-9B7A67C9-8D3E-4DDE-8CA2-612247C557D8</incoming>
         <outgoing>sid-D8E301CD-B393-459E-A3BF-3242960B9939</outgoing>
         <script/>
      </scriptTask>
      <scriptTask completionQuantity="1" id="sid-F1E70D66-EDB4-4745-A04F-7F1590C2C2AE" isForCompensation="false" name="Empty ST &#10;1.2.1.5" scriptFormat="groovy" startQuantity="1">
         <extensionElements>
            <signavio:signavioMetaData metaKey="bgcolor" metaValue="#ffffcc"/>
            <signavio:signavioMetaData metaKey="risklevel" metaValue=""/>
            <signavio:signavioMetaData metaKey="externaldocuments" metaValue="[]"/>
         </extensionElements>
         <incoming>sid-7B1DFCDD-4F65-41D2-923B-15ADF441F46F</incoming>
         <outgoing>sid-863BD309-EC89-4846-840A-F672582684B5</outgoing>
         <script/>
      </scriptTask>
      <scriptTask completionQuantity="1" id="sid-355231A3-F2F5-4BDC-BD87-1CF36D8188F4" isForCompensation="false" name="Empty ST &#10;1.2.1.4" scriptFormat="groovy" startQuantity="1">
         <extensionElements>
            <signavio:signavioMetaData metaKey="bgcolor" metaValue="#ffffcc"/>
            <signavio:signavioMetaData metaKey="risklevel" metaValue=""/>
            <signavio:signavioMetaData metaKey="externaldocuments" metaValue="[]"/>
         </extensionElements>
         <incoming>sid-486EA9F9-2286-47A5-845E-2CC58628777F</incoming>
         <outgoing>sid-1016519C-41D3-4D49-BF4E-B4CD3F502F92</outgoing>
         <script/>
      </scriptTask>
      <scriptTask completionQuantity="1" id="sid-D8A25325-29B9-48EE-AEE7-22E84FD696C4" isForCompensation="false" name="Empty ST &#10;1.2.1.3" scriptFormat="groovy" startQuantity="1">
         <extensionElements>
            <signavio:signavioMetaData metaKey="bgcolor" metaValue="#ffffcc"/>
            <signavio:signavioMetaData metaKey="risklevel" metaValue=""/>
            <signavio:signavioMetaData metaKey="externaldocuments" metaValue="[]"/>
         </extensionElements>
         <incoming>sid-25619C78-8DC5-4AE9-9BBD-0096E28693CB</incoming>
         <outgoing>sid-0BCB420B-5571-49D5-B9AD-D3257AB40838</outgoing>
         <script/>
      </scriptTask>
      <parallelGateway gatewayDirection="Converging" id="sid-7C36B067-97A6-437A-A998-F050F4701C34" name="PG 1.2.1.2">
         <extensionElements>
            <signavio:signavioMetaData metaKey="bgcolor" metaValue="#ffffff"/>
         </extensionElements>
         <incoming>sid-D8E301CD-B393-459E-A3BF-3242960B9939</incoming>
         <incoming>sid-863BD309-EC89-4846-840A-F672582684B5</incoming>
         <incoming>sid-0BCB420B-5571-49D5-B9AD-D3257AB40838</incoming>
         <incoming>sid-1016519C-41D3-4D49-BF4E-B4CD3F502F92</incoming>
         <outgoing>sid-492FAD98-4D5A-4379-AEE4-3F599EF8F314</outgoing>
      </parallelGateway>
      <endEvent id="sid-7249A827-B302-49BC-87F2-A32236C83542" name="1.2.1 End">
         <extensionElements>
            <signavio:signavioMetaData metaKey="bgcolor" metaValue="#ffffff"/>
            <signavio:signavioMetaData metaKey="followingprocesses" metaValue="[]"/>
         </extensionElements>
         <incoming>sid-492FAD98-4D5A-4379-AEE4-3F599EF8F314</incoming>
      </endEvent>
      <sequenceFlow id="sid-7A13A53D-A8B8-4EB9-A4E1-2AE81B840129" name="" sourceRef="sid-881B2D55-48E5-4A43-88DF-4F681019428C" targetRef="sid-32A553D4-D11E-4F87-97D0-C7761D911AC1"/>
      <sequenceFlow id="sid-216E645C-7501-4012-83DD-0286D44063E3" name="" sourceRef="sid-32A553D4-D11E-4F87-97D0-C7761D911AC1" targetRef="sid-776DA93B-44BF-473C-83B4-2B8B1BC9AF5C"/>
      <sequenceFlow id="sid-9B7A67C9-8D3E-4DDE-8CA2-612247C557D8" name="" sourceRef="sid-776DA93B-44BF-473C-83B4-2B8B1BC9AF5C" targetRef="sid-20E31EEF-F715-40E8-B6DA-63FEB7EAA4B8"/>
      <sequenceFlow id="sid-7B1DFCDD-4F65-41D2-923B-15ADF441F46F" name="" sourceRef="sid-776DA93B-44BF-473C-83B4-2B8B1BC9AF5C" targetRef="sid-F1E70D66-EDB4-4745-A04F-7F1590C2C2AE"/>
      <sequenceFlow id="sid-D8E301CD-B393-459E-A3BF-3242960B9939" name="" sourceRef="sid-20E31EEF-F715-40E8-B6DA-63FEB7EAA4B8" targetRef="sid-7C36B067-97A6-437A-A998-F050F4701C34"/>
      <sequenceFlow id="sid-863BD309-EC89-4846-840A-F672582684B5" name="" sourceRef="sid-F1E70D66-EDB4-4745-A04F-7F1590C2C2AE" targetRef="sid-7C36B067-97A6-437A-A998-F050F4701C34"/>
      <sequenceFlow id="sid-492FAD98-4D5A-4379-AEE4-3F599EF8F314" name="" sourceRef="sid-7C36B067-97A6-437A-A998-F050F4701C34" targetRef="sid-7249A827-B302-49BC-87F2-A32236C83542"/>
      <sequenceFlow id="sid-25619C78-8DC5-4AE9-9BBD-0096E28693CB" name="" sourceRef="sid-776DA93B-44BF-473C-83B4-2B8B1BC9AF5C" targetRef="sid-D8A25325-29B9-48EE-AEE7-22E84FD696C4"/>
      <sequenceFlow id="sid-486EA9F9-2286-47A5-845E-2CC58628777F" name="" sourceRef="sid-776DA93B-44BF-473C-83B4-2B8B1BC9AF5C" targetRef="sid-355231A3-F2F5-4BDC-BD87-1CF36D8188F4"/>
      <sequenceFlow id="sid-0BCB420B-5571-49D5-B9AD-D3257AB40838" name="" sourceRef="sid-D8A25325-29B9-48EE-AEE7-22E84FD696C4" targetRef="sid-7C36B067-97A6-437A-A998-F050F4701C34"/>
      <sequenceFlow id="sid-1016519C-41D3-4D49-BF4E-B4CD3F502F92" name="" sourceRef="sid-355231A3-F2F5-4BDC-BD87-1CF36D8188F4" targetRef="sid-7C36B067-97A6-437A-A998-F050F4701C34"/>
   </process>
   <bpmndi:BPMNDiagram id="sid-0cd17fd3-65eb-4abe-b8e1-a943517e97ec">
      <bpmndi:BPMNPlane bpmnElement="ParallelR1R2_1.2.1" id="sid-66cde67a-6f35-4559-8350-2d6f10865db1">
         <bpmndi:BPMNShape bpmnElement="sid-881B2D55-48E5-4A43-88DF-4F681019428C" id="sid-881B2D55-48E5-4A43-88DF-4F681019428C_gui">
            <omgdc:Bounds height="30.0" width="30.0" x="60.0" y="200.0"/>
            <bpmndi:BPMNLabel labelStyle="sid-e3bb7ca8-8c8e-47d7-8ccf-5398195de761">
               <omgdc:Bounds height="11.0" width="55.157142639160156" x="47.42142868041992" y="232.0"/>
            </bpmndi:BPMNLabel>
         </bpmndi:BPMNShape>
         <bpmndi:BPMNShape bpmnElement="sid-32A553D4-D11E-4F87-97D0-C7761D911AC1" id="sid-32A553D4-D11E-4F87-97D0-C7761D911AC1_gui">
            <omgdc:Bounds height="80.0" width="100.0" x="135.0" y="175.0"/>
            <bpmndi:BPMNLabel labelStyle="sid-01cfe5cc-b287-49a2-af8d-ba8d03629d45">
               <omgdc:Bounds height="24.0" width="53.22857666015625" x="158.38571166992188" y="201.0"/>
            </bpmndi:BPMNLabel>
         </bpmndi:BPMNShape>
         <bpmndi:BPMNShape bpmnElement="sid-776DA93B-44BF-473C-83B4-2B8B1BC9AF5C" id="sid-776DA93B-44BF-473C-83B4-2B8B1BC9AF5C_gui">
            <omgdc:Bounds height="40.0" width="40.0" x="280.0" y="195.0"/>
            <bpmndi:BPMNLabel labelStyle="sid-e3bb7ca8-8c8e-47d7-8ccf-5398195de761">
               <omgdc:Bounds height="12.0" width="57.857147216796875" x="310.5" y="225.5"/>
            </bpmndi:BPMNLabel>
         </bpmndi:BPMNShape>
         <bpmndi:BPMNShape bpmnElement="sid-20E31EEF-F715-40E8-B6DA-63FEB7EAA4B8" id="sid-20E31EEF-F715-40E8-B6DA-63FEB7EAA4B8_gui">
            <omgdc:Bounds height="80.0" width="100.0" x="365.0" y="30.0"/>
            <bpmndi:BPMNLabel labelStyle="sid-01cfe5cc-b287-49a2-af8d-ba8d03629d45">
               <omgdc:Bounds height="24.0" width="53.22857666015625" x="388.3857116699219" y="56.0"/>
            </bpmndi:BPMNLabel>
         </bpmndi:BPMNShape>
         <bpmndi:BPMNShape bpmnElement="sid-F1E70D66-EDB4-4745-A04F-7F1590C2C2AE" id="sid-F1E70D66-EDB4-4745-A04F-7F1590C2C2AE_gui">
            <omgdc:Bounds height="80.0" width="100.0" x="365.0" y="315.0"/>
            <bpmndi:BPMNLabel labelStyle="sid-01cfe5cc-b287-49a2-af8d-ba8d03629d45">
               <omgdc:Bounds height="24.0" width="53.22857666015625" x="388.3857116699219" y="341.0"/>
            </bpmndi:BPMNLabel>
         </bpmndi:BPMNShape>
         <bpmndi:BPMNShape bpmnElement="sid-355231A3-F2F5-4BDC-BD87-1CF36D8188F4" id="sid-355231A3-F2F5-4BDC-BD87-1CF36D8188F4_gui">
            <omgdc:Bounds height="80.0" width="100.0" x="365.0" y="220.0"/>
            <bpmndi:BPMNLabel labelStyle="sid-01cfe5cc-b287-49a2-af8d-ba8d03629d45">
               <omgdc:Bounds height="24.0" width="53.22857666015625" x="388.3857116699219" y="246.0"/>
            </bpmndi:BPMNLabel>
         </bpmndi:BPMNShape>
         <bpmndi:BPMNShape bpmnElement="sid-D8A25325-29B9-48EE-AEE7-22E84FD696C4" id="sid-D8A25325-29B9-48EE-AEE7-22E84FD696C4_gui">
            <omgdc:Bounds height="80.0" width="100.0" x="365.0" y="125.0"/>
            <bpmndi:BPMNLabel labelStyle="sid-01cfe5cc-b287-49a2-af8d-ba8d03629d45">
               <omgdc:Bounds height="24.0" width="53.22857666015625" x="388.3857116699219" y="151.0"/>
            </bpmndi:BPMNLabel>
         </bpmndi:BPMNShape>
         <bpmndi:BPMNShape bpmnElement="sid-7C36B067-97A6-437A-A998-F050F4701C34" id="sid-7C36B067-97A6-437A-A998-F050F4701C34_gui">
            <omgdc:Bounds height="40.0" width="40.0" x="510.0" y="195.0"/>
            <bpmndi:BPMNLabel labelStyle="sid-e3bb7ca8-8c8e-47d7-8ccf-5398195de761">
               <omgdc:Bounds height="12.0" width="57.857147216796875" x="540.5" y="225.5"/>
            </bpmndi:BPMNLabel>
         </bpmndi:BPMNShape>
         <bpmndi:BPMNShape bpmnElement="sid-7249A827-B302-49BC-87F2-A32236C83542" id="sid-7249A827-B302-49BC-87F2-A32236C83542_gui">
            <omgdc:Bounds height="28.0" width="28.0" x="615.0" y="201.0"/>
            <bpmndi:BPMNLabel labelStyle="sid-e3bb7ca8-8c8e-47d7-8ccf-5398195de761">
               <omgdc:Bounds height="11.0" width="48.7928581237793" x="604.6035709381104" y="231.0"/>
            </bpmndi:BPMNLabel>
         </bpmndi:BPMNShape>
         <bpmndi:BPMNEdge bpmnElement="sid-7A13A53D-A8B8-4EB9-A4E1-2AE81B840129" id="sid-7A13A53D-A8B8-4EB9-A4E1-2AE81B840129_gui">
            <omgdi:waypoint x="90.0" y="215.0"/>
            <omgdi:waypoint x="135.0" y="215.0"/>
         </bpmndi:BPMNEdge>
         <bpmndi:BPMNEdge bpmnElement="sid-216E645C-7501-4012-83DD-0286D44063E3" id="sid-216E645C-7501-4012-83DD-0286D44063E3_gui">
            <omgdi:waypoint x="235.0" y="215.21645021645023"/>
            <omgdi:waypoint x="280.0" y="215.4112554112554"/>
         </bpmndi:BPMNEdge>
         <bpmndi:BPMNEdge bpmnElement="sid-9B7A67C9-8D3E-4DDE-8CA2-612247C557D8" id="sid-9B7A67C9-8D3E-4DDE-8CA2-612247C557D8_gui">
            <omgdi:waypoint x="300.5" y="195.0"/>
            <omgdi:waypoint x="300.5" y="70.0"/>
            <omgdi:waypoint x="365.0" y="70.0"/>
         </bpmndi:BPMNEdge>
         <bpmndi:BPMNEdge bpmnElement="sid-7B1DFCDD-4F65-41D2-923B-15ADF441F46F" id="sid-7B1DFCDD-4F65-41D2-923B-15ADF441F46F_gui">
            <omgdi:waypoint x="300.5" y="235.0"/>
            <omgdi:waypoint x="300.5" y="355.0"/>
            <omgdi:waypoint x="365.0" y="355.0"/>
         </bpmndi:BPMNEdge>
         <bpmndi:BPMNEdge bpmnElement="sid-D8E301CD-B393-459E-A3BF-3242960B9939" id="sid-D8E301CD-B393-459E-A3BF-3242960B9939_gui">
            <omgdi:waypoint x="465.0" y="70.0"/>
            <omgdi:waypoint x="530.5" y="70.0"/>
            <omgdi:waypoint x="530.5" y="195.0"/>
         </bpmndi:BPMNEdge>
         <bpmndi:BPMNEdge bpmnElement="sid-863BD309-EC89-4846-840A-F672582684B5" id="sid-863BD309-EC89-4846-840A-F672582684B5_gui">
            <omgdi:waypoint x="465.0" y="355.0"/>
            <omgdi:waypoint x="530.5" y="355.0"/>
            <omgdi:waypoint x="530.5" y="235.0"/>
         </bpmndi:BPMNEdge>
         <bpmndi:BPMNEdge bpmnElement="sid-492FAD98-4D5A-4379-AEE4-3F599EF8F314" id="sid-492FAD98-4D5A-4379-AEE4-3F599EF8F314_gui">
            <omgdi:waypoint x="550.0" y="215.4010152284264"/>
            <omgdi:waypoint x="615.0" y="215.0710659898477"/>
         </bpmndi:BPMNEdge>
         <bpmndi:BPMNEdge bpmnElement="sid-25619C78-8DC5-4AE9-9BBD-0096E28693CB" id="sid-25619C78-8DC5-4AE9-9BBD-0096E28693CB_gui">
            <omgdi:waypoint x="309.0" y="195.0"/>
            <omgdi:waypoint x="309.0" y="165.0"/>
            <omgdi:waypoint x="365.0" y="165.0"/>
         </bpmndi:BPMNEdge>
         <bpmndi:BPMNEdge bpmnElement="sid-486EA9F9-2286-47A5-845E-2CC58628777F" id="sid-486EA9F9-2286-47A5-845E-2CC58628777F_gui">
            <omgdi:waypoint x="309.0" y="235.0"/>
            <omgdi:waypoint x="309.0" y="260.0"/>
            <omgdi:waypoint x="365.0" y="260.0"/>
         </bpmndi:BPMNEdge>
         <bpmndi:BPMNEdge bpmnElement="sid-0BCB420B-5571-49D5-B9AD-D3257AB40838" id="sid-0BCB420B-5571-49D5-B9AD-D3257AB40838_gui">
            <omgdi:waypoint x="465.0" y="165.0"/>
            <omgdi:waypoint x="520.0" y="165.0"/>
            <omgdi:waypoint x="520.0" y="195.0"/>
         </bpmndi:BPMNEdge>
         <bpmndi:BPMNEdge bpmnElement="sid-1016519C-41D3-4D49-BF4E-B4CD3F502F92" id="sid-1016519C-41D3-4D49-BF4E-B4CD3F502F92_gui">
            <omgdi:waypoint x="465.0" y="260.0"/>
            <omgdi:waypoint x="518.0" y="260.0"/>
            <omgdi:waypoint x="518.0" y="235.0"/>
         </bpmndi:BPMNEdge>
      </bpmndi:BPMNPlane>
      <bpmndi:BPMNLabelStyle id="sid-e3bb7ca8-8c8e-47d7-8ccf-5398195de761">
         <omgdc:Font isBold="false" isItalic="false" isStrikeThrough="false" isUnderline="false" name="Arial" size="11.0"/>
      </bpmndi:BPMNLabelStyle>
      <bpmndi:BPMNLabelStyle id="sid-01cfe5cc-b287-49a2-af8d-ba8d03629d45">
         <omgdc:Font isBold="false" isItalic="false" isStrikeThrough="false" isUnderline="false" name="Arial" size="12.0"/>
      </bpmndi:BPMNLabelStyle>
   </bpmndi:BPMNDiagram>
</definitions>
