<?xml version="1.0" encoding="UTF-8"?>
<definitions xmlns="http://www.omg.org/spec/BPMN/20100524/MODEL" xmlns:bpmndi="http://www.omg.org/spec/BPMN/20100524/DI" xmlns:omgdc="http://www.omg.org/spec/DD/20100524/DC" xmlns:omgdi="http://www.omg.org/spec/DD/20100524/DI" xmlns:signavio="http://www.signavio.com" xmlns:xsi="http://www.w3.org/2001/XMLSchema-instance" exporter="Signavio Process Editor, http://www.signavio.com" exporterVersion="10.11.0" expressionLanguage="http://www.w3.org/TR/XPath" id="sid-0bcd34f1-1502-4b37-ba34-b03001c14cdd" targetNamespace="http://www.signavio.com" typeLanguage="http://www.w3.org/2001/XMLSchema" xsi:schemaLocation="http://www.omg.org/spec/BPMN/20100524/MODEL http://www.omg.org/spec/BPMN/2.0/20100501/BPMN20.xsd">
   <process id="ParallelR1R4_1.2.3" isClosed="false" isExecutable="true" processType="None">
      <extensionElements>
         <signavio:signavioDiagramMetaData metaKey="revisionid" metaValue="ef4d5b6ad8104c7293cd00c7f420b2aa"/>
      </extensionElements>
      <startEvent id="sid-B614AE31-B0BF-4631-A2A5-2EE76511CF77" name="1.2.3 Start">
         <extensionElements>
            <signavio:signavioMetaData metaKey="bgcolor" metaValue="#ffffff"/>
            <signavio:signavioMetaData metaKey="preceedingprocesses" metaValue="[]"/>
         </extensionElements>
         <outgoing>sid-4090699D-3240-4483-8A07-45DC488A23A6</outgoing>
      </startEvent>
      <scriptTask completionQuantity="1" id="sid-FA7457AC-E2D8-4F22-A4A6-237F4A333857" isForCompensation="false" name="Empty ST &#10;1.2.3.1" scriptFormat="groovy" startQuantity="1">
         <extensionElements>
            <signavio:signavioMetaData metaKey="bgcolor" metaValue="#ffffcc"/>
            <signavio:signavioMetaData metaKey="risklevel" metaValue=""/>
            <signavio:signavioMetaData metaKey="externaldocuments" metaValue="[]"/>
         </extensionElements>
         <incoming>sid-4090699D-3240-4483-8A07-45DC488A23A6</incoming>
         <outgoing>sid-0FEF309C-AE8A-4C15-AA9F-440DF8B0FD0C</outgoing>
         <outgoing>sid-F2870CAD-1FCF-449D-9067-AFE165E0F3F4</outgoing>
         <script/>
      </scriptTask>
      <parallelGateway gatewayDirection="Diverging" id="sid-24563264-9E7F-4065-B18B-5776AD22039E" name="PG 1.2.3.1">
         <extensionElements>
            <signavio:signavioMetaData metaKey="bgcolor" metaValue="#ffffff"/>
         </extensionElements>
         <incoming>sid-0FEF309C-AE8A-4C15-AA9F-440DF8B0FD0C</incoming>
         <outgoing>sid-AF05EA24-440D-496F-B7AE-F85664501E97</outgoing>
         <outgoing>sid-FAF68895-EE74-46B0-8E04-87E7AEDAE0F6</outgoing>
      </parallelGateway>
      <parallelGateway gatewayDirection="Diverging" id="sid-B59AF1B4-7355-4FE3-A094-5C0CED212F3B" name="PG 1.2.3.2">
         <extensionElements>
            <signavio:signavioMetaData metaKey="bgcolor" metaValue="#ffffff"/>
         </extensionElements>
         <incoming>sid-F2870CAD-1FCF-449D-9067-AFE165E0F3F4</incoming>
         <outgoing>sid-B8C72487-EDAF-4B3C-8519-B4E21724C47D</outgoing>
         <outgoing>sid-FF8F1720-6568-4529-9741-5D79951B7C74</outgoing>
      </parallelGateway>
      <scriptTask completionQuantity="1" id="sid-A7550E5C-AEA1-4E61-8982-3762D9DF1884" isForCompensation="false" name="Empty ST &#10;1.2.3.2" scriptFormat="groovy" startQuantity="1">
         <extensionElements>
            <signavio:signavioMetaData metaKey="bgcolor" metaValue="#ffffcc"/>
            <signavio:signavioMetaData metaKey="risklevel" metaValue=""/>
            <signavio:signavioMetaData metaKey="externaldocuments" metaValue="[]"/>
         </extensionElements>
         <incoming>sid-AF05EA24-440D-496F-B7AE-F85664501E97</incoming>
         <outgoing>sid-BC28D4AA-5616-4B0F-A9E2-3E3393E1D5A0</outgoing>
         <script/>
      </scriptTask>
      <scriptTask completionQuantity="1" id="sid-BADD45D9-BF98-4E2A-B984-7A0FF87492CA" isForCompensation="false" name="Empty ST &#10;1.2.3.3" scriptFormat="groovy" startQuantity="1">
         <extensionElements>
            <signavio:signavioMetaData metaKey="bgcolor" metaValue="#ffffcc"/>
            <signavio:signavioMetaData metaKey="risklevel" metaValue=""/>
            <signavio:signavioMetaData metaKey="externaldocuments" metaValue="[]"/>
         </extensionElements>
         <incoming>sid-FAF68895-EE74-46B0-8E04-87E7AEDAE0F6</incoming>
         <outgoing>sid-0F9873E6-91CD-4728-ABB1-CBEDDCE889A3</outgoing>
         <script/>
      </scriptTask>
      <scriptTask completionQuantity="1" id="sid-329C24B6-96D5-4D20-BD84-7966B611275D" isForCompensation="false" name="Empty ST &#10;1.2.3.4" scriptFormat="groovy" startQuantity="1">
         <extensionElements>
            <signavio:signavioMetaData metaKey="bgcolor" metaValue="#ffffcc"/>
            <signavio:signavioMetaData metaKey="risklevel" metaValue=""/>
            <signavio:signavioMetaData metaKey="externaldocuments" metaValue="[]"/>
         </extensionElements>
         <incoming>sid-B8C72487-EDAF-4B3C-8519-B4E21724C47D</incoming>
         <outgoing>sid-FB2714F5-7015-43BD-A69A-E5EF5152D38E</outgoing>
         <script/>
      </scriptTask>
      <scriptTask completionQuantity="1" id="sid-E4AEF289-0366-4031-93F9-E6D761096E18" isForCompensation="false" name="Empty ST &#10;1.2.3.5" scriptFormat="groovy" startQuantity="1">
         <extensionElements>
            <signavio:signavioMetaData metaKey="bgcolor" metaValue="#ffffcc"/>
            <signavio:signavioMetaData metaKey="risklevel" metaValue=""/>
            <signavio:signavioMetaData metaKey="externaldocuments" metaValue="[]"/>
         </extensionElements>
         <incoming>sid-FF8F1720-6568-4529-9741-5D79951B7C74</incoming>
         <outgoing>sid-37421A3F-8207-43C5-97D1-564637E22B1F</outgoing>
         <script/>
      </scriptTask>
      <parallelGateway gatewayDirection="Converging" id="sid-9BA30C52-D366-4F5E-A437-7E314466199C" name="PG 1.2.3.3">
         <extensionElements>
            <signavio:signavioMetaData metaKey="bgcolor" metaValue="#ffffff"/>
            <signavio:signavioLabel align="right" bottom="false" left="true" ref="text_name" right="false" top="false" valign="middle" x="-7.0" y="20.0"/>
         </extensionElements>
         <incoming>sid-BC28D4AA-5616-4B0F-A9E2-3E3393E1D5A0</incoming>
         <incoming>sid-0F9873E6-91CD-4728-ABB1-CBEDDCE889A3</incoming>
         <incoming>sid-FB2714F5-7015-43BD-A69A-E5EF5152D38E</incoming>
         <incoming>sid-37421A3F-8207-43C5-97D1-564637E22B1F</incoming>
         <outgoing>sid-28E8845F-7776-4337-80CF-8BB7E7DC87AC</outgoing>
      </parallelGateway>
      <endEvent id="sid-79F7597A-8FF3-45B7-9AFA-610309EFE864" name="1.2.3 End">
         <extensionElements>
            <signavio:signavioMetaData metaKey="bgcolor" metaValue="#ffffff"/>
            <signavio:signavioMetaData metaKey="followingprocesses" metaValue="[]"/>
         </extensionElements>
         <incoming>sid-28E8845F-7776-4337-80CF-8BB7E7DC87AC</incoming>
      </endEvent>
      <sequenceFlow id="sid-4090699D-3240-4483-8A07-45DC488A23A6" name="" sourceRef="sid-B614AE31-B0BF-4631-A2A5-2EE76511CF77" targetRef="sid-FA7457AC-E2D8-4F22-A4A6-237F4A333857"/>
      <sequenceFlow id="sid-AF05EA24-440D-496F-B7AE-F85664501E97" name="" sourceRef="sid-24563264-9E7F-4065-B18B-5776AD22039E" targetRef="sid-A7550E5C-AEA1-4E61-8982-3762D9DF1884"/>
      <sequenceFlow id="sid-FAF68895-EE74-46B0-8E04-87E7AEDAE0F6" name="" sourceRef="sid-24563264-9E7F-4065-B18B-5776AD22039E" targetRef="sid-BADD45D9-BF98-4E2A-B984-7A0FF87492CA"/>
      <sequenceFlow id="sid-B8C72487-EDAF-4B3C-8519-B4E21724C47D" name="" sourceRef="sid-B59AF1B4-7355-4FE3-A094-5C0CED212F3B" targetRef="sid-329C24B6-96D5-4D20-BD84-7966B611275D"/>
      <sequenceFlow id="sid-FF8F1720-6568-4529-9741-5D79951B7C74" name="" sourceRef="sid-B59AF1B4-7355-4FE3-A094-5C0CED212F3B" targetRef="sid-E4AEF289-0366-4031-93F9-E6D761096E18"/>
      <sequenceFlow id="sid-28E8845F-7776-4337-80CF-8BB7E7DC87AC" name="" sourceRef="sid-9BA30C52-D366-4F5E-A437-7E314466199C" targetRef="sid-79F7597A-8FF3-45B7-9AFA-610309EFE864"/>
      <sequenceFlow id="sid-BC28D4AA-5616-4B0F-A9E2-3E3393E1D5A0" name="" sourceRef="sid-A7550E5C-AEA1-4E61-8982-3762D9DF1884" targetRef="sid-9BA30C52-D366-4F5E-A437-7E314466199C"/>
      <sequenceFlow id="sid-0F9873E6-91CD-4728-ABB1-CBEDDCE889A3" name="" sourceRef="sid-BADD45D9-BF98-4E2A-B984-7A0FF87492CA" targetRef="sid-9BA30C52-D366-4F5E-A437-7E314466199C"/>
      <sequenceFlow id="sid-FB2714F5-7015-43BD-A69A-E5EF5152D38E" name="" sourceRef="sid-329C24B6-96D5-4D20-BD84-7966B611275D" targetRef="sid-9BA30C52-D366-4F5E-A437-7E314466199C"/>
      <sequenceFlow id="sid-37421A3F-8207-43C5-97D1-564637E22B1F" name="" sourceRef="sid-E4AEF289-0366-4031-93F9-E6D761096E18" targetRef="sid-9BA30C52-D366-4F5E-A437-7E314466199C"/>
      <sequenceFlow id="sid-0FEF309C-AE8A-4C15-AA9F-440DF8B0FD0C" name="" sourceRef="sid-FA7457AC-E2D8-4F22-A4A6-237F4A333857" targetRef="sid-24563264-9E7F-4065-B18B-5776AD22039E"/>
      <sequenceFlow id="sid-F2870CAD-1FCF-449D-9067-AFE165E0F3F4" name="" sourceRef="sid-FA7457AC-E2D8-4F22-A4A6-237F4A333857" targetRef="sid-B59AF1B4-7355-4FE3-A094-5C0CED212F3B"/>
   </process>
   <bpmndi:BPMNDiagram id="sid-5025bfc6-f13b-4e0b-80ce-5b1a201784fc">
      <bpmndi:BPMNPlane bpmnElement="ParallelR1R4_1.2.3" id="sid-a25ad5f5-86fc-4ea8-bf2c-e8f2ed8a2b84">
         <bpmndi:BPMNShape bpmnElement="sid-B614AE31-B0BF-4631-A2A5-2EE76511CF77" id="sid-B614AE31-B0BF-4631-A2A5-2EE76511CF77_gui">
            <omgdc:Bounds height="30.0" width="30.0" x="75.0" y="234.0"/>
            <bpmndi:BPMNLabel labelStyle="sid-26979e0b-8c97-459d-a77e-c34c927bcd0f">
               <omgdc:Bounds height="11.0" width="55.157142639160156" x="62.42142868041992" y="266.0"/>
            </bpmndi:BPMNLabel>
         </bpmndi:BPMNShape>
         <bpmndi:BPMNShape bpmnElement="sid-FA7457AC-E2D8-4F22-A4A6-237F4A333857" id="sid-FA7457AC-E2D8-4F22-A4A6-237F4A333857_gui">
            <omgdc:Bounds height="80.0" width="113.0" x="148.0" y="209.0"/>
            <bpmndi:BPMNLabel labelStyle="sid-5777c8d6-0b89-4c81-885e-d02a80a406b7">
               <omgdc:Bounds height="24.0" width="53.22857666015625" x="177.88571166992188" y="235.0"/>
            </bpmndi:BPMNLabel>
         </bpmndi:BPMNShape>
         <bpmndi:BPMNShape bpmnElement="sid-24563264-9E7F-4065-B18B-5776AD22039E" id="sid-24563264-9E7F-4065-B18B-5776AD22039E_gui">
            <omgdc:Bounds height="40.0" width="40.0" x="385.0" y="125.0"/>
            <bpmndi:BPMNLabel labelStyle="sid-26979e0b-8c97-459d-a77e-c34c927bcd0f">
               <omgdc:Bounds height="12.0" width="57.857147216796875" x="415.5" y="155.5"/>
            </bpmndi:BPMNLabel>
         </bpmndi:BPMNShape>
         <bpmndi:BPMNShape bpmnElement="sid-B59AF1B4-7355-4FE3-A094-5C0CED212F3B" id="sid-B59AF1B4-7355-4FE3-A094-5C0CED212F3B_gui">
            <omgdc:Bounds height="40.0" width="40.0" x="385.0" y="335.0"/>
            <bpmndi:BPMNLabel labelStyle="sid-26979e0b-8c97-459d-a77e-c34c927bcd0f">
               <omgdc:Bounds height="12.0" width="57.857147216796875" x="415.5" y="365.5"/>
            </bpmndi:BPMNLabel>
         </bpmndi:BPMNShape>
         <bpmndi:BPMNShape bpmnElement="sid-A7550E5C-AEA1-4E61-8982-3762D9DF1884" id="sid-A7550E5C-AEA1-4E61-8982-3762D9DF1884_gui">
            <omgdc:Bounds height="80.0" width="113.0" x="495.0" y="40.0"/>
            <bpmndi:BPMNLabel labelStyle="sid-5777c8d6-0b89-4c81-885e-d02a80a406b7">
               <omgdc:Bounds height="24.0" width="53.22857666015625" x="524.8857116699219" y="66.0"/>
            </bpmndi:BPMNLabel>
         </bpmndi:BPMNShape>
         <bpmndi:BPMNShape bpmnElement="sid-BADD45D9-BF98-4E2A-B984-7A0FF87492CA" id="sid-BADD45D9-BF98-4E2A-B984-7A0FF87492CA_gui">
            <omgdc:Bounds height="80.0" width="113.0" x="495.0" y="160.0"/>
            <bpmndi:BPMNLabel labelStyle="sid-5777c8d6-0b89-4c81-885e-d02a80a406b7">
               <omgdc:Bounds height="24.0" width="53.22857666015625" x="524.8857116699219" y="186.0"/>
            </bpmndi:BPMNLabel>
         </bpmndi:BPMNShape>
         <bpmndi:BPMNShape bpmnElement="sid-329C24B6-96D5-4D20-BD84-7966B611275D" id="sid-329C24B6-96D5-4D20-BD84-7966B611275D_gui">
            <omgdc:Bounds height="80.0" width="113.0" x="495.0" y="265.0"/>
            <bpmndi:BPMNLabel labelStyle="sid-5777c8d6-0b89-4c81-885e-d02a80a406b7">
               <omgdc:Bounds height="24.0" width="53.22857666015625" x="524.8857116699219" y="291.0"/>
            </bpmndi:BPMNLabel>
         </bpmndi:BPMNShape>
         <bpmndi:BPMNShape bpmnElement="sid-E4AEF289-0366-4031-93F9-E6D761096E18" id="sid-E4AEF289-0366-4031-93F9-E6D761096E18_gui">
            <omgdc:Bounds height="80.0" width="113.0" x="495.0" y="390.0"/>
            <bpmndi:BPMNLabel labelStyle="sid-5777c8d6-0b89-4c81-885e-d02a80a406b7">
               <omgdc:Bounds height="24.0" width="53.22857666015625" x="524.8857116699219" y="416.0"/>
            </bpmndi:BPMNLabel>
         </bpmndi:BPMNShape>
         <bpmndi:BPMNShape bpmnElement="sid-9BA30C52-D366-4F5E-A437-7E314466199C" id="sid-9BA30C52-D366-4F5E-A437-7E314466199C_gui">
            <omgdc:Bounds height="40.0" width="40.0" x="655.0" y="230.0"/>
            <bpmndi:BPMNLabel labelStyle="sid-26979e0b-8c97-459d-a77e-c34c927bcd0f">
               <omgdc:Bounds height="12.0" width="57.85714340209961" x="590.1428565979004" y="242.0"/>
            </bpmndi:BPMNLabel>
         </bpmndi:BPMNShape>
         <bpmndi:BPMNShape bpmnElement="sid-79F7597A-8FF3-45B7-9AFA-610309EFE864" id="sid-79F7597A-8FF3-45B7-9AFA-610309EFE864_gui">
            <omgdc:Bounds height="28.0" width="28.0" x="740.0" y="236.0"/>
            <bpmndi:BPMNLabel labelStyle="sid-26979e0b-8c97-459d-a77e-c34c927bcd0f">
               <omgdc:Bounds height="11.0" width="48.7928581237793" x="729.6035709381104" y="266.0"/>
            </bpmndi:BPMNLabel>
         </bpmndi:BPMNShape>
         <bpmndi:BPMNEdge bpmnElement="sid-4090699D-3240-4483-8A07-45DC488A23A6" id="sid-4090699D-3240-4483-8A07-45DC488A23A6_gui">
            <omgdi:waypoint x="105.0" y="249.0"/>
            <omgdi:waypoint x="148.0" y="249.0"/>
         </bpmndi:BPMNEdge>
         <bpmndi:BPMNEdge bpmnElement="sid-AF05EA24-440D-496F-B7AE-F85664501E97" id="sid-AF05EA24-440D-496F-B7AE-F85664501E97_gui">
            <omgdi:waypoint x="405.5" y="125.0"/>
            <omgdi:waypoint x="405.5" y="80.0"/>
            <omgdi:waypoint x="495.0" y="80.0"/>
         </bpmndi:BPMNEdge>
         <bpmndi:BPMNEdge bpmnElement="sid-FAF68895-EE74-46B0-8E04-87E7AEDAE0F6" id="sid-FAF68895-EE74-46B0-8E04-87E7AEDAE0F6_gui">
            <omgdi:waypoint x="405.5" y="165.0"/>
            <omgdi:waypoint x="405.5" y="200.0"/>
            <omgdi:waypoint x="495.0" y="200.0"/>
         </bpmndi:BPMNEdge>
         <bpmndi:BPMNEdge bpmnElement="sid-B8C72487-EDAF-4B3C-8519-B4E21724C47D" id="sid-B8C72487-EDAF-4B3C-8519-B4E21724C47D_gui">
            <omgdi:waypoint x="405.5" y="335.0"/>
            <omgdi:waypoint x="405.5" y="305.0"/>
            <omgdi:waypoint x="495.0" y="305.0"/>
         </bpmndi:BPMNEdge>
         <bpmndi:BPMNEdge bpmnElement="sid-FF8F1720-6568-4529-9741-5D79951B7C74" id="sid-FF8F1720-6568-4529-9741-5D79951B7C74_gui">
            <omgdi:waypoint x="405.5" y="375.0"/>
            <omgdi:waypoint x="405.5" y="430.0"/>
            <omgdi:waypoint x="495.0" y="430.0"/>
         </bpmndi:BPMNEdge>
         <bpmndi:BPMNEdge bpmnElement="sid-28E8845F-7776-4337-80CF-8BB7E7DC87AC" id="sid-28E8845F-7776-4337-80CF-8BB7E7DC87AC_gui">
            <omgdi:waypoint x="695.0" y="250.37579617834396"/>
            <omgdi:waypoint x="740.0" y="250.0891719745223"/>
         </bpmndi:BPMNEdge>
         <bpmndi:BPMNEdge bpmnElement="sid-BC28D4AA-5616-4B0F-A9E2-3E3393E1D5A0" id="sid-BC28D4AA-5616-4B0F-A9E2-3E3393E1D5A0_gui">
            <omgdi:waypoint x="608.0" y="80.0"/>
            <omgdi:waypoint x="675.5" y="80.0"/>
            <omgdi:waypoint x="675.5" y="230.0"/>
         </bpmndi:BPMNEdge>
         <bpmndi:BPMNEdge bpmnElement="sid-0F9873E6-91CD-4728-ABB1-CBEDDCE889A3" id="sid-0F9873E6-91CD-4728-ABB1-CBEDDCE889A3_gui">
            <omgdi:waypoint x="608.0" y="200.0"/>
            <omgdi:waypoint x="665.0" y="200.0"/>
            <omgdi:waypoint x="665.0" y="230.0"/>
         </bpmndi:BPMNEdge>
         <bpmndi:BPMNEdge bpmnElement="sid-FB2714F5-7015-43BD-A69A-E5EF5152D38E" id="sid-FB2714F5-7015-43BD-A69A-E5EF5152D38E_gui">
            <omgdi:waypoint x="608.0" y="305.0"/>
            <omgdi:waypoint x="665.0" y="305.0"/>
            <omgdi:waypoint x="665.0" y="270.0"/>
         </bpmndi:BPMNEdge>
         <bpmndi:BPMNEdge bpmnElement="sid-37421A3F-8207-43C5-97D1-564637E22B1F" id="sid-37421A3F-8207-43C5-97D1-564637E22B1F_gui">
            <omgdi:waypoint x="608.0" y="430.0"/>
            <omgdi:waypoint x="675.5" y="430.0"/>
            <omgdi:waypoint x="675.5" y="270.0"/>
         </bpmndi:BPMNEdge>
         <bpmndi:BPMNEdge bpmnElement="sid-0FEF309C-AE8A-4C15-AA9F-440DF8B0FD0C" id="sid-0FEF309C-AE8A-4C15-AA9F-440DF8B0FD0C_gui">
            <omgdi:waypoint x="261.0" y="229.0"/>
            <omgdi:waypoint x="323.0" y="229.0"/>
            <omgdi:waypoint x="323.0" y="145.5"/>
            <omgdi:waypoint x="385.0" y="145.5"/>
         </bpmndi:BPMNEdge>
         <bpmndi:BPMNEdge bpmnElement="sid-F2870CAD-1FCF-449D-9067-AFE165E0F3F4" id="sid-F2870CAD-1FCF-449D-9067-AFE165E0F3F4_gui">
            <omgdi:waypoint x="261.0" y="269.0"/>
            <omgdi:waypoint x="323.0" y="269.0"/>
            <omgdi:waypoint x="323.0" y="355.5"/>
            <omgdi:waypoint x="385.0" y="355.5"/>
         </bpmndi:BPMNEdge>
      </bpmndi:BPMNPlane>
      <bpmndi:BPMNLabelStyle id="sid-26979e0b-8c97-459d-a77e-c34c927bcd0f">
         <omgdc:Font isBold="false" isItalic="false" isStrikeThrough="false" isUnderline="false" name="Arial" size="11.0"/>
      </bpmndi:BPMNLabelStyle>
      <bpmndi:BPMNLabelStyle id="sid-5777c8d6-0b89-4c81-885e-d02a80a406b7">
         <omgdc:Font isBold="false" isItalic="false" isStrikeThrough="false" isUnderline="false" name="Arial" size="12.0"/>
      </bpmndi:BPMNLabelStyle>
   </bpmndi:BPMNDiagram>
</definitions>
