<?xml version="1.0" encoding="UTF-8"?>
<definitions xmlns="http://www.omg.org/spec/BPMN/20100524/MODEL" xmlns:bpmndi="http://www.omg.org/spec/BPMN/20100524/DI" xmlns:omgdc="http://www.omg.org/spec/DD/20100524/DC" xmlns:omgdi="http://www.omg.org/spec/DD/20100524/DI" xmlns:signavio="http://www.signavio.com" xmlns:xsi="http://www.w3.org/2001/XMLSchema-instance" exporter="Signavio Process Editor, http://www.signavio.com" exporterVersion="10.11.0" expressionLanguage="http://www.w3.org/TR/XPath" id="sid-8e70c234-9301-4913-8bfc-90b0178b3f59" targetNamespace="http://www.signavio.com" typeLanguage="http://www.w3.org/2001/XMLSchema" xsi:schemaLocation="http://www.omg.org/spec/BPMN/20100524/MODEL http://www.omg.org/spec/BPMN/2.0/20100501/BPMN20.xsd">
   <process id="ParallelR3R5_1.2.9" isClosed="false" isExecutable="true" processType="None">
      <extensionElements>
         <signavio:signavioDiagramMetaData metaKey="revisionid" metaValue="a35a9516f50d430685fbcab06cbf1545"/>
      </extensionElements>
      <startEvent id="sid-B614AE31-B0BF-4631-A2A5-2EE76511CF77" name="1.2.9 Start">
         <extensionElements>
            <signavio:signavioMetaData metaKey="bgcolor" metaValue="#ffffff"/>
            <signavio:signavioMetaData metaKey="preceedingprocesses" metaValue="[]"/>
         </extensionElements>
         <outgoing>sid-4090699D-3240-4483-8A07-45DC488A23A6</outgoing>
      </startEvent>
      <scriptTask completionQuantity="1" id="sid-FA7457AC-E2D8-4F22-A4A6-237F4A333857" isForCompensation="false" name="Empty ST &#10;1.2.9.1" scriptFormat="groovy" startQuantity="1">
         <extensionElements>
            <signavio:signavioMetaData metaKey="bgcolor" metaValue="#ffffcc"/>
            <signavio:signavioMetaData metaKey="risklevel" metaValue=""/>
            <signavio:signavioMetaData metaKey="externaldocuments" metaValue="[]"/>
         </extensionElements>
         <incoming>sid-4090699D-3240-4483-8A07-45DC488A23A6</incoming>
         <outgoing>sid-C290F9F3-7D73-42BF-A796-BEFBD2A23259</outgoing>
         <script/>
      </scriptTask>
      <scriptTask completionQuantity="1" id="sid-A7550E5C-AEA1-4E61-8982-3762D9DF1884" isForCompensation="false" name="Empty ST &#10;1.2.9.2" scriptFormat="groovy" startQuantity="1">
         <extensionElements>
            <signavio:signavioMetaData metaKey="bgcolor" metaValue="#ffffcc"/>
            <signavio:signavioMetaData metaKey="risklevel" metaValue=""/>
            <signavio:signavioMetaData metaKey="externaldocuments" metaValue="[]"/>
         </extensionElements>
         <incoming>sid-39264330-3095-4402-B5D2-52A3C55EA9F8</incoming>
         <outgoing>sid-C4F73DA3-9364-4AF8-89BD-78826BC64025</outgoing>
         <script/>
      </scriptTask>
      <scriptTask completionQuantity="1" id="sid-BADD45D9-BF98-4E2A-B984-7A0FF87492CA" isForCompensation="false" name="Empty ST &#10;1.2.9.3" scriptFormat="groovy" startQuantity="1">
         <extensionElements>
            <signavio:signavioMetaData metaKey="bgcolor" metaValue="#ffffcc"/>
            <signavio:signavioMetaData metaKey="risklevel" metaValue=""/>
            <signavio:signavioMetaData metaKey="externaldocuments" metaValue="[]"/>
         </extensionElements>
         <incoming>sid-6E66396C-EF2C-427D-A313-AE4E8CDE0A93</incoming>
         <outgoing>sid-10C0C9DD-3B26-4EBF-9941-8CC39E09F01D</outgoing>
         <script/>
      </scriptTask>
      <scriptTask completionQuantity="1" id="sid-329C24B6-96D5-4D20-BD84-7966B611275D" isForCompensation="false" name="Empty ST &#10;1.2.9.4" scriptFormat="groovy" startQuantity="1">
         <extensionElements>
            <signavio:signavioMetaData metaKey="bgcolor" metaValue="#ffffcc"/>
            <signavio:signavioMetaData metaKey="risklevel" metaValue=""/>
            <signavio:signavioMetaData metaKey="externaldocuments" metaValue="[]"/>
         </extensionElements>
         <incoming>sid-BBB837D3-DA65-4A4F-B0A8-DD086A79130C</incoming>
         <outgoing>sid-CC3B7065-310E-4B00-B2FF-C9491CFE2B9B</outgoing>
         <script/>
      </scriptTask>
      <scriptTask completionQuantity="1" id="sid-E4AEF289-0366-4031-93F9-E6D761096E18" isForCompensation="false" name="Empty ST &#10;1.2.9.5" scriptFormat="groovy" startQuantity="1">
         <extensionElements>
            <signavio:signavioMetaData metaKey="bgcolor" metaValue="#ffffcc"/>
            <signavio:signavioMetaData metaKey="risklevel" metaValue=""/>
            <signavio:signavioMetaData metaKey="externaldocuments" metaValue="[]"/>
         </extensionElements>
         <incoming>sid-5F7E9D42-F625-4833-9D3D-D931567198AF</incoming>
         <outgoing>sid-161AB1F0-7F4D-4B17-AA9A-86A4C9133AA7</outgoing>
         <script/>
      </scriptTask>
      <inclusiveGateway gatewayDirection="Diverging" id="sid-84E869D6-D869-45CF-A342-C15E230F9B21" name="IG 1.2.9.1">
         <extensionElements>
            <signavio:signavioMetaData metaKey="bgcolor" metaValue="#ffffff"/>
         </extensionElements>
         <incoming>sid-C290F9F3-7D73-42BF-A796-BEFBD2A23259</incoming>
         <outgoing>sid-9DAA9D13-4056-4C62-A2C6-F70FE05A6E71</outgoing>
         <outgoing>sid-13D19B8C-FF02-410E-B414-CABDB685AE86</outgoing>
      </inclusiveGateway>
      <inclusiveGateway gatewayDirection="Diverging" id="sid-5543C1DE-0521-41DE-AFD5-528A195E743E" name="IG 1.2.9.2">
         <extensionElements>
            <signavio:signavioMetaData metaKey="bgcolor" metaValue="#ffffff"/>
         </extensionElements>
         <incoming>sid-9DAA9D13-4056-4C62-A2C6-F70FE05A6E71</incoming>
         <outgoing>sid-39264330-3095-4402-B5D2-52A3C55EA9F8</outgoing>
         <outgoing>sid-6E66396C-EF2C-427D-A313-AE4E8CDE0A93</outgoing>
      </inclusiveGateway>
      <inclusiveGateway gatewayDirection="Diverging" id="sid-59DE1940-18ED-4430-A10C-D456F1189ADD" name="IG 1.2.9.4">
         <extensionElements>
            <signavio:signavioMetaData metaKey="bgcolor" metaValue="#ffffff"/>
         </extensionElements>
         <incoming>sid-13D19B8C-FF02-410E-B414-CABDB685AE86</incoming>
         <outgoing>sid-BBB837D3-DA65-4A4F-B0A8-DD086A79130C</outgoing>
         <outgoing>sid-5F7E9D42-F625-4833-9D3D-D931567198AF</outgoing>
      </inclusiveGateway>
      <inclusiveGateway gatewayDirection="Converging" id="sid-FE4F1B0B-4568-4DFD-9A18-DA1F24F78227" name="IG 1.2.9.3">
         <extensionElements>
            <signavio:signavioMetaData metaKey="bgcolor" metaValue="#ffffff"/>
            <signavio:signavioLabel align="right" bottom="false" left="true" ref="text_name" right="false" top="false" valign="middle" x="-7.0" y="20.0"/>
         </extensionElements>
         <incoming>sid-C4F73DA3-9364-4AF8-89BD-78826BC64025</incoming>
         <incoming>sid-10C0C9DD-3B26-4EBF-9941-8CC39E09F01D</incoming>
         <outgoing>sid-2A04CEC2-942B-48AD-A85A-2316017F301E</outgoing>
      </inclusiveGateway>
      <inclusiveGateway gatewayDirection="Converging" id="sid-4A6651E0-C082-4A20-B2F7-2E8B9EFCF885" name="IG 1.2.9.5">
         <extensionElements>
            <signavio:signavioMetaData metaKey="bgcolor" metaValue="#ffffff"/>
            <signavio:signavioLabel align="center" ref="text_name" valign="middle" x="-27.0" y="38.0"/>
         </extensionElements>
         <incoming>sid-CC3B7065-310E-4B00-B2FF-C9491CFE2B9B</incoming>
         <incoming>sid-161AB1F0-7F4D-4B17-AA9A-86A4C9133AA7</incoming>
         <outgoing>sid-B0DAE0DF-9766-4940-9795-17F2FCFB6484</outgoing>
      </inclusiveGateway>
      <endEvent id="sid-9560F20D-4AEF-4C3F-8333-65CB23CC976E" name="1.2.9.1 End">
         <extensionElements>
            <signavio:signavioMetaData metaKey="bgcolor" metaValue="#ffffff"/>
            <signavio:signavioMetaData metaKey="followingprocesses" metaValue=""/>
         </extensionElements>
         <incoming>sid-2A04CEC2-942B-48AD-A85A-2316017F301E</incoming>
      </endEvent>
      <endEvent id="sid-DFBCF066-5F8E-4550-9E49-C5F88F0A3E89" name="1.2.9.2 End">
         <extensionElements>
            <signavio:signavioMetaData metaKey="bgcolor" metaValue="#ffffff"/>
            <signavio:signavioMetaData metaKey="followingprocesses" metaValue=""/>
         </extensionElements>
         <incoming>sid-B0DAE0DF-9766-4940-9795-17F2FCFB6484</incoming>
      </endEvent>
      <sequenceFlow id="sid-4090699D-3240-4483-8A07-45DC488A23A6" name="" sourceRef="sid-B614AE31-B0BF-4631-A2A5-2EE76511CF77" targetRef="sid-FA7457AC-E2D8-4F22-A4A6-237F4A333857"/>
      <sequenceFlow id="sid-C290F9F3-7D73-42BF-A796-BEFBD2A23259" name="" sourceRef="sid-FA7457AC-E2D8-4F22-A4A6-237F4A333857" targetRef="sid-84E869D6-D869-45CF-A342-C15E230F9B21"/>
      <sequenceFlow id="sid-9DAA9D13-4056-4C62-A2C6-F70FE05A6E71" name="" sourceRef="sid-84E869D6-D869-45CF-A342-C15E230F9B21" targetRef="sid-5543C1DE-0521-41DE-AFD5-528A195E743E">
         <conditionExpression id="sid-a73c7158-b5fd-4fd7-9121-e176ea32ed51" xsi:type="tFormalExpression">1==1</conditionExpression>
      </sequenceFlow>
      <sequenceFlow id="sid-39264330-3095-4402-B5D2-52A3C55EA9F8" name="" sourceRef="sid-5543C1DE-0521-41DE-AFD5-528A195E743E" targetRef="sid-A7550E5C-AEA1-4E61-8982-3762D9DF1884">
         <conditionExpression id="sid-2c7f0929-7a90-45ce-a736-15e339a5134b" xsi:type="tFormalExpression">1==1</conditionExpression>
      </sequenceFlow>
      <sequenceFlow id="sid-6E66396C-EF2C-427D-A313-AE4E8CDE0A93" name="" sourceRef="sid-5543C1DE-0521-41DE-AFD5-528A195E743E" targetRef="sid-BADD45D9-BF98-4E2A-B984-7A0FF87492CA">
         <conditionExpression id="sid-7cb99f81-4bb0-4d70-9c38-cf30ebf94d53" xsi:type="tFormalExpression">1==1</conditionExpression>
      </sequenceFlow>
      <sequenceFlow id="sid-13D19B8C-FF02-410E-B414-CABDB685AE86" name="" sourceRef="sid-84E869D6-D869-45CF-A342-C15E230F9B21" targetRef="sid-59DE1940-18ED-4430-A10C-D456F1189ADD">
         <conditionExpression id="sid-715ecbdc-c1ed-43e3-bb72-de7bdf326c2c" xsi:type="tFormalExpression">1==1</conditionExpression>
      </sequenceFlow>
      <sequenceFlow id="sid-BBB837D3-DA65-4A4F-B0A8-DD086A79130C" name="" sourceRef="sid-59DE1940-18ED-4430-A10C-D456F1189ADD" targetRef="sid-329C24B6-96D5-4D20-BD84-7966B611275D">
         <conditionExpression id="sid-118f93d5-413e-47d0-a5dc-e3607cfa03cc" xsi:type="tFormalExpression">1==1</conditionExpression>
      </sequenceFlow>
      <sequenceFlow id="sid-5F7E9D42-F625-4833-9D3D-D931567198AF" name="" sourceRef="sid-59DE1940-18ED-4430-A10C-D456F1189ADD" targetRef="sid-E4AEF289-0366-4031-93F9-E6D761096E18">
         <conditionExpression id="sid-aeeded6f-ba02-4198-8641-79aec34ac02c" xsi:type="tFormalExpression">1==1</conditionExpression>
      </sequenceFlow>
      <sequenceFlow id="sid-C4F73DA3-9364-4AF8-89BD-78826BC64025" name="" sourceRef="sid-A7550E5C-AEA1-4E61-8982-3762D9DF1884" targetRef="sid-FE4F1B0B-4568-4DFD-9A18-DA1F24F78227"/>
      <sequenceFlow id="sid-10C0C9DD-3B26-4EBF-9941-8CC39E09F01D" name="" sourceRef="sid-BADD45D9-BF98-4E2A-B984-7A0FF87492CA" targetRef="sid-FE4F1B0B-4568-4DFD-9A18-DA1F24F78227"/>
      <sequenceFlow id="sid-CC3B7065-310E-4B00-B2FF-C9491CFE2B9B" name="" sourceRef="sid-329C24B6-96D5-4D20-BD84-7966B611275D" targetRef="sid-4A6651E0-C082-4A20-B2F7-2E8B9EFCF885"/>
      <sequenceFlow id="sid-161AB1F0-7F4D-4B17-AA9A-86A4C9133AA7" name="" sourceRef="sid-E4AEF289-0366-4031-93F9-E6D761096E18" targetRef="sid-4A6651E0-C082-4A20-B2F7-2E8B9EFCF885"/>
      <sequenceFlow id="sid-2A04CEC2-942B-48AD-A85A-2316017F301E" name="" sourceRef="sid-FE4F1B0B-4568-4DFD-9A18-DA1F24F78227" targetRef="sid-9560F20D-4AEF-4C3F-8333-65CB23CC976E"/>
      <sequenceFlow id="sid-B0DAE0DF-9766-4940-9795-17F2FCFB6484" name="" sourceRef="sid-4A6651E0-C082-4A20-B2F7-2E8B9EFCF885" targetRef="sid-DFBCF066-5F8E-4550-9E49-C5F88F0A3E89"/>
   </process>
   <bpmndi:BPMNDiagram id="sid-53631df2-e399-4124-8136-e2b4d2c3e0d6">
      <bpmndi:BPMNPlane bpmnElement="ParallelR3R5_1.2.9" id="sid-f980cb98-04ce-49a7-9c17-16db76ffb755">
         <bpmndi:BPMNShape bpmnElement="sid-B614AE31-B0BF-4631-A2A5-2EE76511CF77" id="sid-B614AE31-B0BF-4631-A2A5-2EE76511CF77_gui">
            <omgdc:Bounds height="30.0" width="30.0" x="75.0" y="240.0"/>
            <bpmndi:BPMNLabel labelStyle="sid-2e646a54-8134-4a09-8261-2e8d5edd20c2">
               <omgdc:Bounds height="11.0" width="55.157142639160156" x="62.42142868041992" y="272.0"/>
            </bpmndi:BPMNLabel>
         </bpmndi:BPMNShape>
         <bpmndi:BPMNShape bpmnElement="sid-FA7457AC-E2D8-4F22-A4A6-237F4A333857" id="sid-FA7457AC-E2D8-4F22-A4A6-237F4A333857_gui">
            <omgdc:Bounds height="80.0" width="112.0" x="150.0" y="215.0"/>
            <bpmndi:BPMNLabel labelStyle="sid-5077e3fb-be27-4f37-a86a-43d236f9063d">
               <omgdc:Bounds height="24.0" width="53.22857666015625" x="179.38571166992188" y="241.0"/>
            </bpmndi:BPMNLabel>
         </bpmndi:BPMNShape>
         <bpmndi:BPMNShape bpmnElement="sid-A7550E5C-AEA1-4E61-8982-3762D9DF1884" id="sid-A7550E5C-AEA1-4E61-8982-3762D9DF1884_gui">
            <omgdc:Bounds height="80.0" width="112.0" x="495.0" y="45.0"/>
            <bpmndi:BPMNLabel labelStyle="sid-5077e3fb-be27-4f37-a86a-43d236f9063d">
               <omgdc:Bounds height="24.0" width="53.22857666015625" x="524.3857116699219" y="71.0"/>
            </bpmndi:BPMNLabel>
         </bpmndi:BPMNShape>
         <bpmndi:BPMNShape bpmnElement="sid-BADD45D9-BF98-4E2A-B984-7A0FF87492CA" id="sid-BADD45D9-BF98-4E2A-B984-7A0FF87492CA_gui">
            <omgdc:Bounds height="80.0" width="112.0" x="495.0" y="165.0"/>
            <bpmndi:BPMNLabel labelStyle="sid-5077e3fb-be27-4f37-a86a-43d236f9063d">
               <omgdc:Bounds height="24.0" width="53.22857666015625" x="524.3857116699219" y="191.0"/>
            </bpmndi:BPMNLabel>
         </bpmndi:BPMNShape>
         <bpmndi:BPMNShape bpmnElement="sid-329C24B6-96D5-4D20-BD84-7966B611275D" id="sid-329C24B6-96D5-4D20-BD84-7966B611275D_gui">
            <omgdc:Bounds height="80.0" width="112.0" x="495.0" y="270.0"/>
            <bpmndi:BPMNLabel labelStyle="sid-5077e3fb-be27-4f37-a86a-43d236f9063d">
               <omgdc:Bounds height="24.0" width="53.22857666015625" x="524.3857116699219" y="296.0"/>
            </bpmndi:BPMNLabel>
         </bpmndi:BPMNShape>
         <bpmndi:BPMNShape bpmnElement="sid-E4AEF289-0366-4031-93F9-E6D761096E18" id="sid-E4AEF289-0366-4031-93F9-E6D761096E18_gui">
            <omgdc:Bounds height="80.0" width="112.0" x="495.0" y="395.0"/>
            <bpmndi:BPMNLabel labelStyle="sid-5077e3fb-be27-4f37-a86a-43d236f9063d">
               <omgdc:Bounds height="24.0" width="53.22857666015625" x="524.3857116699219" y="421.0"/>
            </bpmndi:BPMNLabel>
         </bpmndi:BPMNShape>
         <bpmndi:BPMNShape bpmnElement="sid-84E869D6-D869-45CF-A342-C15E230F9B21" id="sid-84E869D6-D869-45CF-A342-C15E230F9B21_gui">
            <omgdc:Bounds height="40.0" width="40.0" x="300.0" y="235.0"/>
            <bpmndi:BPMNLabel labelStyle="sid-2e646a54-8134-4a09-8261-2e8d5edd20c2">
               <omgdc:Bounds height="12.0" width="55.54286193847656" x="330.5" y="265.5"/>
            </bpmndi:BPMNLabel>
         </bpmndi:BPMNShape>
         <bpmndi:BPMNShape bpmnElement="sid-5543C1DE-0521-41DE-AFD5-528A195E743E" id="sid-5543C1DE-0521-41DE-AFD5-528A195E743E_gui">
            <omgdc:Bounds height="40.0" width="40.0" x="385.0" y="130.0"/>
            <bpmndi:BPMNLabel labelStyle="sid-2e646a54-8134-4a09-8261-2e8d5edd20c2">
               <omgdc:Bounds height="12.0" width="55.54286193847656" x="415.5" y="160.5"/>
            </bpmndi:BPMNLabel>
         </bpmndi:BPMNShape>
         <bpmndi:BPMNShape bpmnElement="sid-59DE1940-18ED-4430-A10C-D456F1189ADD" id="sid-59DE1940-18ED-4430-A10C-D456F1189ADD_gui">
            <omgdc:Bounds height="40.0" width="40.0" x="385.0" y="340.0"/>
            <bpmndi:BPMNLabel labelStyle="sid-2e646a54-8134-4a09-8261-2e8d5edd20c2">
               <omgdc:Bounds height="12.0" width="55.54286193847656" x="415.5" y="370.5"/>
            </bpmndi:BPMNLabel>
         </bpmndi:BPMNShape>
         <bpmndi:BPMNShape bpmnElement="sid-FE4F1B0B-4568-4DFD-9A18-DA1F24F78227" id="sid-FE4F1B0B-4568-4DFD-9A18-DA1F24F78227_gui">
            <omgdc:Bounds height="40.0" width="40.0" x="640.0" y="130.0"/>
            <bpmndi:BPMNLabel labelStyle="sid-2e646a54-8134-4a09-8261-2e8d5edd20c2">
               <omgdc:Bounds height="12.0" width="55.5428581237793" x="577.4571418762207" y="142.0"/>
            </bpmndi:BPMNLabel>
         </bpmndi:BPMNShape>
         <bpmndi:BPMNShape bpmnElement="sid-4A6651E0-C082-4A20-B2F7-2E8B9EFCF885" id="sid-4A6651E0-C082-4A20-B2F7-2E8B9EFCF885_gui">
            <omgdc:Bounds height="40.0" width="40.0" x="640.0" y="340.0"/>
            <bpmndi:BPMNLabel labelStyle="sid-2e646a54-8134-4a09-8261-2e8d5edd20c2">
               <omgdc:Bounds height="12.0" width="55.5428581237793" x="585.2285709381104" y="370.0"/>
            </bpmndi:BPMNLabel>
         </bpmndi:BPMNShape>
         <bpmndi:BPMNShape bpmnElement="sid-9560F20D-4AEF-4C3F-8333-65CB23CC976E" id="sid-9560F20D-4AEF-4C3F-8333-65CB23CC976E_gui">
            <omgdc:Bounds height="28.0" width="28.0" x="725.0" y="136.0"/>
            <bpmndi:BPMNLabel labelStyle="sid-2e646a54-8134-4a09-8261-2e8d5edd20c2">
               <omgdc:Bounds height="11.0" width="58.69285583496094" x="709.6535720825195" y="166.0"/>
            </bpmndi:BPMNLabel>
         </bpmndi:BPMNShape>
         <bpmndi:BPMNShape bpmnElement="sid-DFBCF066-5F8E-4550-9E49-C5F88F0A3E89" id="sid-DFBCF066-5F8E-4550-9E49-C5F88F0A3E89_gui">
            <omgdc:Bounds height="28.0" width="28.0" x="725.0" y="346.0"/>
            <bpmndi:BPMNLabel labelStyle="sid-2e646a54-8134-4a09-8261-2e8d5edd20c2">
               <omgdc:Bounds height="11.0" width="58.69285583496094" x="709.6535720825195" y="376.0"/>
            </bpmndi:BPMNLabel>
         </bpmndi:BPMNShape>
         <bpmndi:BPMNEdge bpmnElement="sid-4090699D-3240-4483-8A07-45DC488A23A6" id="sid-4090699D-3240-4483-8A07-45DC488A23A6_gui">
            <omgdi:waypoint x="105.0" y="255.0"/>
            <omgdi:waypoint x="150.0" y="255.0"/>
         </bpmndi:BPMNEdge>
         <bpmndi:BPMNEdge bpmnElement="sid-C290F9F3-7D73-42BF-A796-BEFBD2A23259" id="sid-C290F9F3-7D73-42BF-A796-BEFBD2A23259_gui">
            <omgdi:waypoint x="262.0" y="255.24454148471617"/>
            <omgdi:waypoint x="300.0" y="255.410480349345"/>
         </bpmndi:BPMNEdge>
         <bpmndi:BPMNEdge bpmnElement="sid-9DAA9D13-4056-4C62-A2C6-F70FE05A6E71" id="sid-9DAA9D13-4056-4C62-A2C6-F70FE05A6E71_gui">
            <omgdi:waypoint x="320.5" y="235.0"/>
            <omgdi:waypoint x="320.5" y="150.5"/>
            <omgdi:waypoint x="385.0" y="150.5"/>
         </bpmndi:BPMNEdge>
         <bpmndi:BPMNEdge bpmnElement="sid-39264330-3095-4402-B5D2-52A3C55EA9F8" id="sid-39264330-3095-4402-B5D2-52A3C55EA9F8_gui">
            <omgdi:waypoint x="405.5" y="130.0"/>
            <omgdi:waypoint x="405.5" y="85.0"/>
            <omgdi:waypoint x="495.0" y="85.0"/>
         </bpmndi:BPMNEdge>
         <bpmndi:BPMNEdge bpmnElement="sid-6E66396C-EF2C-427D-A313-AE4E8CDE0A93" id="sid-6E66396C-EF2C-427D-A313-AE4E8CDE0A93_gui">
            <omgdi:waypoint x="405.5" y="170.0"/>
            <omgdi:waypoint x="405.5" y="205.0"/>
            <omgdi:waypoint x="495.0" y="205.0"/>
         </bpmndi:BPMNEdge>
         <bpmndi:BPMNEdge bpmnElement="sid-13D19B8C-FF02-410E-B414-CABDB685AE86" id="sid-13D19B8C-FF02-410E-B414-CABDB685AE86_gui">
            <omgdi:waypoint x="320.5" y="275.0"/>
            <omgdi:waypoint x="320.5" y="360.5"/>
            <omgdi:waypoint x="385.0" y="360.5"/>
         </bpmndi:BPMNEdge>
         <bpmndi:BPMNEdge bpmnElement="sid-BBB837D3-DA65-4A4F-B0A8-DD086A79130C" id="sid-BBB837D3-DA65-4A4F-B0A8-DD086A79130C_gui">
            <omgdi:waypoint x="405.5" y="340.0"/>
            <omgdi:waypoint x="405.5" y="310.0"/>
            <omgdi:waypoint x="495.0" y="310.0"/>
         </bpmndi:BPMNEdge>
         <bpmndi:BPMNEdge bpmnElement="sid-5F7E9D42-F625-4833-9D3D-D931567198AF" id="sid-5F7E9D42-F625-4833-9D3D-D931567198AF_gui">
            <omgdi:waypoint x="405.5" y="380.0"/>
            <omgdi:waypoint x="405.5" y="435.0"/>
            <omgdi:waypoint x="495.0" y="435.0"/>
         </bpmndi:BPMNEdge>
         <bpmndi:BPMNEdge bpmnElement="sid-C4F73DA3-9364-4AF8-89BD-78826BC64025" id="sid-C4F73DA3-9364-4AF8-89BD-78826BC64025_gui">
            <omgdi:waypoint x="607.0" y="85.0"/>
            <omgdi:waypoint x="660.5" y="85.0"/>
            <omgdi:waypoint x="660.5" y="130.0"/>
         </bpmndi:BPMNEdge>
         <bpmndi:BPMNEdge bpmnElement="sid-10C0C9DD-3B26-4EBF-9941-8CC39E09F01D" id="sid-10C0C9DD-3B26-4EBF-9941-8CC39E09F01D_gui">
            <omgdi:waypoint x="607.0" y="205.0"/>
            <omgdi:waypoint x="660.5" y="205.0"/>
            <omgdi:waypoint x="660.5" y="170.0"/>
         </bpmndi:BPMNEdge>
         <bpmndi:BPMNEdge bpmnElement="sid-CC3B7065-310E-4B00-B2FF-C9491CFE2B9B" id="sid-CC3B7065-310E-4B00-B2FF-C9491CFE2B9B_gui">
            <omgdi:waypoint x="607.0" y="310.0"/>
            <omgdi:waypoint x="660.5" y="310.0"/>
            <omgdi:waypoint x="660.5" y="340.0"/>
         </bpmndi:BPMNEdge>
         <bpmndi:BPMNEdge bpmnElement="sid-161AB1F0-7F4D-4B17-AA9A-86A4C9133AA7" id="sid-161AB1F0-7F4D-4B17-AA9A-86A4C9133AA7_gui">
            <omgdi:waypoint x="607.0" y="435.0"/>
            <omgdi:waypoint x="660.5" y="435.0"/>
            <omgdi:waypoint x="660.5" y="380.0"/>
         </bpmndi:BPMNEdge>
         <bpmndi:BPMNEdge bpmnElement="sid-2A04CEC2-942B-48AD-A85A-2316017F301E" id="sid-2A04CEC2-942B-48AD-A85A-2316017F301E_gui">
            <omgdi:waypoint x="680.0" y="150.37579617834396"/>
            <omgdi:waypoint x="725.0" y="150.0891719745223"/>
         </bpmndi:BPMNEdge>
         <bpmndi:BPMNEdge bpmnElement="sid-B0DAE0DF-9766-4940-9795-17F2FCFB6484" id="sid-B0DAE0DF-9766-4940-9795-17F2FCFB6484_gui">
            <omgdi:waypoint x="680.0" y="360.37579617834393"/>
            <omgdi:waypoint x="725.0" y="360.0891719745223"/>
         </bpmndi:BPMNEdge>
      </bpmndi:BPMNPlane>
      <bpmndi:BPMNLabelStyle id="sid-2e646a54-8134-4a09-8261-2e8d5edd20c2">
         <omgdc:Font isBold="false" isItalic="false" isStrikeThrough="false" isUnderline="false" name="Arial" size="11.0"/>
      </bpmndi:BPMNLabelStyle>
      <bpmndi:BPMNLabelStyle id="sid-5077e3fb-be27-4f37-a86a-43d236f9063d">
         <omgdc:Font isBold="false" isItalic="false" isStrikeThrough="false" isUnderline="false" name="Arial" size="12.0"/>
      </bpmndi:BPMNLabelStyle>
   </bpmndi:BPMNDiagram>
</definitions>
