<?xml version="1.0" encoding="UTF-8"?>
<definitions xmlns="http://www.omg.org/spec/BPMN/20100524/MODEL" xmlns:bpmndi="http://www.omg.org/spec/BPMN/20100524/DI" xmlns:omgdc="http://www.omg.org/spec/DD/20100524/DC" xmlns:omgdi="http://www.omg.org/spec/DD/20100524/DI" xmlns:signavio="http://www.signavio.com" xmlns:xsi="http://www.w3.org/2001/XMLSchema-instance" exporter="Signavio Process Editor, http://www.signavio.com" exporterVersion="10.11.0" expressionLanguage="http://www.w3.org/TR/XPath" id="sid-420f55e3-b249-4052-92f3-4fa151565e98" targetNamespace="http://www.signavio.com" typeLanguage="http://www.w3.org/2001/XMLSchema" xsi:schemaLocation="http://www.omg.org/spec/BPMN/20100524/MODEL http://www.omg.org/spec/BPMN/2.0/20100501/BPMN20.xsd">
   <process id="ParallelR2R5_1.2.7" isClosed="false" isExecutable="true" processType="None">
      <extensionElements>
         <signavio:signavioDiagramMetaData metaKey="revisionid" metaValue="63226687b4434ac2a8d9a02c6993f582"/>
      </extensionElements>
      <startEvent id="sid-B614AE31-B0BF-4631-A2A5-2EE76511CF77" name="1.2.7 Start">
         <extensionElements>
            <signavio:signavioMetaData metaKey="bgcolor" metaValue="#ffffff"/>
            <signavio:signavioMetaData metaKey="preceedingprocesses" metaValue="[]"/>
         </extensionElements>
         <outgoing>sid-4090699D-3240-4483-8A07-45DC488A23A6</outgoing>
      </startEvent>
      <scriptTask completionQuantity="1" id="sid-FA7457AC-E2D8-4F22-A4A6-237F4A333857" isForCompensation="false" name="Empty ST &#10;1.2.7.1" scriptFormat="groovy" startQuantity="1">
         <extensionElements>
            <signavio:signavioMetaData metaKey="bgcolor" metaValue="#ffffcc"/>
            <signavio:signavioMetaData metaKey="risklevel" metaValue=""/>
            <signavio:signavioMetaData metaKey="externaldocuments" metaValue="[]"/>
         </extensionElements>
         <incoming>sid-4090699D-3240-4483-8A07-45DC488A23A6</incoming>
         <outgoing>sid-7000BA52-F61F-46C8-B4D9-3A6A41A82EB5</outgoing>
         <script/>
      </scriptTask>
      <parallelGateway gatewayDirection="Diverging" id="sid-26CFC0AE-CCC7-4545-92E8-F88C6BA44C33" name="PG 1.2.7.1">
         <extensionElements>
            <signavio:signavioMetaData metaKey="bgcolor" metaValue="#ffffff"/>
            <signavio:signavioLabel align="center" ref="text_name" valign="middle" x="75.0" y="38.0"/>
         </extensionElements>
         <incoming>sid-7000BA52-F61F-46C8-B4D9-3A6A41A82EB5</incoming>
         <outgoing>sid-30EC95E3-E1E8-4768-AC82-04D27EDEC8E4</outgoing>
         <outgoing>sid-2E4601D7-D9E4-4697-BE2F-C23CF538B43F</outgoing>
         <outgoing>sid-2CCAD933-9D56-42E9-B42D-BCA589DE45B0</outgoing>
         <outgoing>sid-8F48CFC2-3451-4E15-87D7-0BD44494EF10</outgoing>
      </parallelGateway>
      <scriptTask completionQuantity="1" id="sid-A7550E5C-AEA1-4E61-8982-3762D9DF1884" isForCompensation="false" name="Empty ST &#10;1.2.7.2" scriptFormat="groovy" startQuantity="1">
         <extensionElements>
            <signavio:signavioMetaData metaKey="bgcolor" metaValue="#ffffcc"/>
            <signavio:signavioMetaData metaKey="risklevel" metaValue=""/>
            <signavio:signavioMetaData metaKey="externaldocuments" metaValue="[]"/>
         </extensionElements>
         <incoming>sid-30EC95E3-E1E8-4768-AC82-04D27EDEC8E4</incoming>
         <outgoing>sid-71893225-3BD9-4C64-B907-3FB83C50BDAA</outgoing>
         <script/>
      </scriptTask>
      <scriptTask completionQuantity="1" id="sid-BADD45D9-BF98-4E2A-B984-7A0FF87492CA" isForCompensation="false" name="Empty ST &#10;1.2.7.3" scriptFormat="groovy" startQuantity="1">
         <extensionElements>
            <signavio:signavioMetaData metaKey="bgcolor" metaValue="#ffffcc"/>
            <signavio:signavioMetaData metaKey="risklevel" metaValue=""/>
            <signavio:signavioMetaData metaKey="externaldocuments" metaValue="[]"/>
         </extensionElements>
         <incoming>sid-8F48CFC2-3451-4E15-87D7-0BD44494EF10</incoming>
         <outgoing>sid-9E3F2271-76F5-4FA6-8F7F-86CF29A80D0E</outgoing>
         <script/>
      </scriptTask>
      <scriptTask completionQuantity="1" id="sid-329C24B6-96D5-4D20-BD84-7966B611275D" isForCompensation="false" name="Empty ST &#10;1.2.7.4" scriptFormat="groovy" startQuantity="1">
         <extensionElements>
            <signavio:signavioMetaData metaKey="bgcolor" metaValue="#ffffcc"/>
            <signavio:signavioMetaData metaKey="risklevel" metaValue=""/>
            <signavio:signavioMetaData metaKey="externaldocuments" metaValue="[]"/>
         </extensionElements>
         <incoming>sid-2CCAD933-9D56-42E9-B42D-BCA589DE45B0</incoming>
         <outgoing>sid-0FC241EF-84F3-4B8F-849F-50DCC17C2881</outgoing>
         <script/>
      </scriptTask>
      <scriptTask completionQuantity="1" id="sid-E4AEF289-0366-4031-93F9-E6D761096E18" isForCompensation="false" name="Empty ST &#10;1.2.7.5" scriptFormat="groovy" startQuantity="1">
         <extensionElements>
            <signavio:signavioMetaData metaKey="bgcolor" metaValue="#ffffcc"/>
            <signavio:signavioMetaData metaKey="risklevel" metaValue=""/>
            <signavio:signavioMetaData metaKey="externaldocuments" metaValue="[]"/>
         </extensionElements>
         <incoming>sid-2E4601D7-D9E4-4697-BE2F-C23CF538B43F</incoming>
         <outgoing>sid-21D5A053-8CFB-48B5-AFD3-9A9E36ED02EC</outgoing>
         <script/>
      </scriptTask>
      <parallelGateway gatewayDirection="Converging" id="sid-701DAC9B-E4DE-408B-8095-2921EAEFBD3E" name="PG 1.2.7.2">
         <extensionElements>
            <signavio:signavioMetaData metaKey="bgcolor" metaValue="#ffffff"/>
            <signavio:signavioLabel align="right" bottom="false" left="true" ref="text_name" right="false" top="false" valign="middle" x="-7.0" y="20.0"/>
         </extensionElements>
         <incoming>sid-71893225-3BD9-4C64-B907-3FB83C50BDAA</incoming>
         <incoming>sid-9E3F2271-76F5-4FA6-8F7F-86CF29A80D0E</incoming>
         <outgoing>sid-9CFC0A22-83B1-4374-9D3A-DFC8AA6B0BCB</outgoing>
      </parallelGateway>
      <parallelGateway gatewayDirection="Converging" id="sid-0D616434-9CFA-441A-968E-D4CE81CBEDF4" name="PG 1.2.7.3">
         <extensionElements>
            <signavio:signavioMetaData metaKey="bgcolor" metaValue="#ffffff"/>
            <signavio:signavioLabel align="right" bottom="false" left="true" ref="text_name" right="false" top="false" valign="middle" x="-7.0" y="20.0"/>
         </extensionElements>
         <incoming>sid-0FC241EF-84F3-4B8F-849F-50DCC17C2881</incoming>
         <incoming>sid-21D5A053-8CFB-48B5-AFD3-9A9E36ED02EC</incoming>
         <outgoing>sid-C9ACD4BF-0E83-4654-B063-4D07323830A8</outgoing>
      </parallelGateway>
      <endEvent id="sid-44748875-5DC7-43CB-8D9E-8370EB83AB0B" name="1.2.7.1 End">
         <extensionElements>
            <signavio:signavioMetaData metaKey="bgcolor" metaValue="#ffffff"/>
            <signavio:signavioMetaData metaKey="followingprocesses" metaValue=""/>
         </extensionElements>
         <incoming>sid-9CFC0A22-83B1-4374-9D3A-DFC8AA6B0BCB</incoming>
      </endEvent>
      <endEvent id="sid-9FFB952F-5C5B-4996-8770-F67546A460DD" name="1.2.7.2 End">
         <extensionElements>
            <signavio:signavioMetaData metaKey="bgcolor" metaValue="#ffffff"/>
            <signavio:signavioMetaData metaKey="followingprocesses" metaValue=""/>
         </extensionElements>
         <incoming>sid-C9ACD4BF-0E83-4654-B063-4D07323830A8</incoming>
      </endEvent>
      <sequenceFlow id="sid-4090699D-3240-4483-8A07-45DC488A23A6" name="" sourceRef="sid-B614AE31-B0BF-4631-A2A5-2EE76511CF77" targetRef="sid-FA7457AC-E2D8-4F22-A4A6-237F4A333857"/>
      <sequenceFlow id="sid-7000BA52-F61F-46C8-B4D9-3A6A41A82EB5" name="" sourceRef="sid-FA7457AC-E2D8-4F22-A4A6-237F4A333857" targetRef="sid-26CFC0AE-CCC7-4545-92E8-F88C6BA44C33"/>
      <sequenceFlow id="sid-71893225-3BD9-4C64-B907-3FB83C50BDAA" name="" sourceRef="sid-A7550E5C-AEA1-4E61-8982-3762D9DF1884" targetRef="sid-701DAC9B-E4DE-408B-8095-2921EAEFBD3E"/>
      <sequenceFlow id="sid-9E3F2271-76F5-4FA6-8F7F-86CF29A80D0E" name="" sourceRef="sid-BADD45D9-BF98-4E2A-B984-7A0FF87492CA" targetRef="sid-701DAC9B-E4DE-408B-8095-2921EAEFBD3E"/>
      <sequenceFlow id="sid-0FC241EF-84F3-4B8F-849F-50DCC17C2881" name="" sourceRef="sid-329C24B6-96D5-4D20-BD84-7966B611275D" targetRef="sid-0D616434-9CFA-441A-968E-D4CE81CBEDF4"/>
      <sequenceFlow id="sid-21D5A053-8CFB-48B5-AFD3-9A9E36ED02EC" name="" sourceRef="sid-E4AEF289-0366-4031-93F9-E6D761096E18" targetRef="sid-0D616434-9CFA-441A-968E-D4CE81CBEDF4"/>
      <sequenceFlow id="sid-30EC95E3-E1E8-4768-AC82-04D27EDEC8E4" name="" sourceRef="sid-26CFC0AE-CCC7-4545-92E8-F88C6BA44C33" targetRef="sid-A7550E5C-AEA1-4E61-8982-3762D9DF1884"/>
      <sequenceFlow id="sid-2E4601D7-D9E4-4697-BE2F-C23CF538B43F" name="" sourceRef="sid-26CFC0AE-CCC7-4545-92E8-F88C6BA44C33" targetRef="sid-E4AEF289-0366-4031-93F9-E6D761096E18"/>
      <sequenceFlow id="sid-2CCAD933-9D56-42E9-B42D-BCA589DE45B0" name="" sourceRef="sid-26CFC0AE-CCC7-4545-92E8-F88C6BA44C33" targetRef="sid-329C24B6-96D5-4D20-BD84-7966B611275D"/>
      <sequenceFlow id="sid-8F48CFC2-3451-4E15-87D7-0BD44494EF10" name="" sourceRef="sid-26CFC0AE-CCC7-4545-92E8-F88C6BA44C33" targetRef="sid-BADD45D9-BF98-4E2A-B984-7A0FF87492CA"/>
      <sequenceFlow id="sid-9CFC0A22-83B1-4374-9D3A-DFC8AA6B0BCB" name="" sourceRef="sid-701DAC9B-E4DE-408B-8095-2921EAEFBD3E" targetRef="sid-44748875-5DC7-43CB-8D9E-8370EB83AB0B"/>
      <sequenceFlow id="sid-C9ACD4BF-0E83-4654-B063-4D07323830A8" name="" sourceRef="sid-0D616434-9CFA-441A-968E-D4CE81CBEDF4" targetRef="sid-9FFB952F-5C5B-4996-8770-F67546A460DD"/>
   </process>
   <bpmndi:BPMNDiagram id="sid-48420762-49f9-4da7-a397-499830c01fbf">
      <bpmndi:BPMNPlane bpmnElement="ParallelR2R5_1.2.7" id="sid-8f701467-1956-4301-a763-31ceeacb8b81">
         <bpmndi:BPMNShape bpmnElement="sid-B614AE31-B0BF-4631-A2A5-2EE76511CF77" id="sid-B614AE31-B0BF-4631-A2A5-2EE76511CF77_gui">
            <omgdc:Bounds height="30.0" width="30.0" x="75.0" y="240.0"/>
            <bpmndi:BPMNLabel labelStyle="sid-5ea048fe-4af7-469c-8801-94236e4b37f7">
               <omgdc:Bounds height="11.0" width="55.157142639160156" x="62.42142868041992" y="272.0"/>
            </bpmndi:BPMNLabel>
         </bpmndi:BPMNShape>
         <bpmndi:BPMNShape bpmnElement="sid-FA7457AC-E2D8-4F22-A4A6-237F4A333857" id="sid-FA7457AC-E2D8-4F22-A4A6-237F4A333857_gui">
            <omgdc:Bounds height="80.0" width="112.0" x="150.0" y="215.0"/>
            <bpmndi:BPMNLabel labelStyle="sid-faf71755-3f53-43d0-822f-070e6d7b53ac">
               <omgdc:Bounds height="24.0" width="53.22857666015625" x="179.38571166992188" y="241.0"/>
            </bpmndi:BPMNLabel>
         </bpmndi:BPMNShape>
         <bpmndi:BPMNShape bpmnElement="sid-26CFC0AE-CCC7-4545-92E8-F88C6BA44C33" id="sid-26CFC0AE-CCC7-4545-92E8-F88C6BA44C33_gui">
            <omgdc:Bounds height="40.0" width="40.0" x="295.0" y="235.0"/>
            <bpmndi:BPMNLabel labelStyle="sid-5ea048fe-4af7-469c-8801-94236e4b37f7">
               <omgdc:Bounds height="12.0" width="57.857147216796875" x="341.07142639160156" y="265.0"/>
            </bpmndi:BPMNLabel>
         </bpmndi:BPMNShape>
         <bpmndi:BPMNShape bpmnElement="sid-A7550E5C-AEA1-4E61-8982-3762D9DF1884" id="sid-A7550E5C-AEA1-4E61-8982-3762D9DF1884_gui">
            <omgdc:Bounds height="80.0" width="112.0" x="415.0" y="45.0"/>
            <bpmndi:BPMNLabel labelStyle="sid-faf71755-3f53-43d0-822f-070e6d7b53ac">
               <omgdc:Bounds height="24.0" width="53.22857666015625" x="444.3857116699219" y="71.0"/>
            </bpmndi:BPMNLabel>
         </bpmndi:BPMNShape>
         <bpmndi:BPMNShape bpmnElement="sid-BADD45D9-BF98-4E2A-B984-7A0FF87492CA" id="sid-BADD45D9-BF98-4E2A-B984-7A0FF87492CA_gui">
            <omgdc:Bounds height="80.0" width="112.0" x="415.0" y="165.0"/>
            <bpmndi:BPMNLabel labelStyle="sid-faf71755-3f53-43d0-822f-070e6d7b53ac">
               <omgdc:Bounds height="24.0" width="53.22857666015625" x="444.3857116699219" y="191.0"/>
            </bpmndi:BPMNLabel>
         </bpmndi:BPMNShape>
         <bpmndi:BPMNShape bpmnElement="sid-329C24B6-96D5-4D20-BD84-7966B611275D" id="sid-329C24B6-96D5-4D20-BD84-7966B611275D_gui">
            <omgdc:Bounds height="80.0" width="112.0" x="415.0" y="270.0"/>
            <bpmndi:BPMNLabel labelStyle="sid-faf71755-3f53-43d0-822f-070e6d7b53ac">
               <omgdc:Bounds height="24.0" width="53.22857666015625" x="444.3857116699219" y="296.0"/>
            </bpmndi:BPMNLabel>
         </bpmndi:BPMNShape>
         <bpmndi:BPMNShape bpmnElement="sid-E4AEF289-0366-4031-93F9-E6D761096E18" id="sid-E4AEF289-0366-4031-93F9-E6D761096E18_gui">
            <omgdc:Bounds height="80.0" width="112.0" x="415.0" y="395.0"/>
            <bpmndi:BPMNLabel labelStyle="sid-faf71755-3f53-43d0-822f-070e6d7b53ac">
               <omgdc:Bounds height="24.0" width="53.22857666015625" x="444.3857116699219" y="421.0"/>
            </bpmndi:BPMNLabel>
         </bpmndi:BPMNShape>
         <bpmndi:BPMNShape bpmnElement="sid-701DAC9B-E4DE-408B-8095-2921EAEFBD3E" id="sid-701DAC9B-E4DE-408B-8095-2921EAEFBD3E_gui">
            <omgdc:Bounds height="40.0" width="40.0" x="560.0" y="130.0"/>
            <bpmndi:BPMNLabel labelStyle="sid-5ea048fe-4af7-469c-8801-94236e4b37f7">
               <omgdc:Bounds height="12.0" width="57.85714340209961" x="495.1428565979004" y="142.0"/>
            </bpmndi:BPMNLabel>
         </bpmndi:BPMNShape>
         <bpmndi:BPMNShape bpmnElement="sid-0D616434-9CFA-441A-968E-D4CE81CBEDF4" id="sid-0D616434-9CFA-441A-968E-D4CE81CBEDF4_gui">
            <omgdc:Bounds height="40.0" width="40.0" x="560.0" y="340.0"/>
            <bpmndi:BPMNLabel labelStyle="sid-5ea048fe-4af7-469c-8801-94236e4b37f7">
               <omgdc:Bounds height="12.0" width="57.85714340209961" x="495.1428565979004" y="352.0"/>
            </bpmndi:BPMNLabel>
         </bpmndi:BPMNShape>
         <bpmndi:BPMNShape bpmnElement="sid-44748875-5DC7-43CB-8D9E-8370EB83AB0B" id="sid-44748875-5DC7-43CB-8D9E-8370EB83AB0B_gui">
            <omgdc:Bounds height="28.0" width="28.0" x="645.0" y="136.0"/>
            <bpmndi:BPMNLabel labelStyle="sid-5ea048fe-4af7-469c-8801-94236e4b37f7">
               <omgdc:Bounds height="11.0" width="58.69285583496094" x="629.6535720825195" y="166.0"/>
            </bpmndi:BPMNLabel>
         </bpmndi:BPMNShape>
         <bpmndi:BPMNShape bpmnElement="sid-9FFB952F-5C5B-4996-8770-F67546A460DD" id="sid-9FFB952F-5C5B-4996-8770-F67546A460DD_gui">
            <omgdc:Bounds height="28.0" width="28.0" x="645.0" y="346.0"/>
            <bpmndi:BPMNLabel labelStyle="sid-5ea048fe-4af7-469c-8801-94236e4b37f7">
               <omgdc:Bounds height="11.0" width="58.69285583496094" x="629.6535720825195" y="376.0"/>
            </bpmndi:BPMNLabel>
         </bpmndi:BPMNShape>
         <bpmndi:BPMNEdge bpmnElement="sid-4090699D-3240-4483-8A07-45DC488A23A6" id="sid-4090699D-3240-4483-8A07-45DC488A23A6_gui">
            <omgdi:waypoint x="105.0" y="255.0"/>
            <omgdi:waypoint x="150.0" y="255.0"/>
         </bpmndi:BPMNEdge>
         <bpmndi:BPMNEdge bpmnElement="sid-7000BA52-F61F-46C8-B4D9-3A6A41A82EB5" id="sid-7000BA52-F61F-46C8-B4D9-3A6A41A82EB5_gui">
            <omgdi:waypoint x="262.0" y="255.25570776255708"/>
            <omgdi:waypoint x="295.0" y="255.40639269406392"/>
         </bpmndi:BPMNEdge>
         <bpmndi:BPMNEdge bpmnElement="sid-71893225-3BD9-4C64-B907-3FB83C50BDAA" id="sid-71893225-3BD9-4C64-B907-3FB83C50BDAA_gui">
            <omgdi:waypoint x="527.0" y="85.0"/>
            <omgdi:waypoint x="580.5" y="85.0"/>
            <omgdi:waypoint x="580.5" y="130.0"/>
         </bpmndi:BPMNEdge>
         <bpmndi:BPMNEdge bpmnElement="sid-9E3F2271-76F5-4FA6-8F7F-86CF29A80D0E" id="sid-9E3F2271-76F5-4FA6-8F7F-86CF29A80D0E_gui">
            <omgdi:waypoint x="527.0" y="205.0"/>
            <omgdi:waypoint x="580.5" y="205.0"/>
            <omgdi:waypoint x="580.5" y="170.0"/>
         </bpmndi:BPMNEdge>
         <bpmndi:BPMNEdge bpmnElement="sid-0FC241EF-84F3-4B8F-849F-50DCC17C2881" id="sid-0FC241EF-84F3-4B8F-849F-50DCC17C2881_gui">
            <omgdi:waypoint x="527.0" y="310.0"/>
            <omgdi:waypoint x="580.5" y="310.0"/>
            <omgdi:waypoint x="580.5" y="340.0"/>
         </bpmndi:BPMNEdge>
         <bpmndi:BPMNEdge bpmnElement="sid-21D5A053-8CFB-48B5-AFD3-9A9E36ED02EC" id="sid-21D5A053-8CFB-48B5-AFD3-9A9E36ED02EC_gui">
            <omgdi:waypoint x="527.0" y="435.0"/>
            <omgdi:waypoint x="580.5" y="435.0"/>
            <omgdi:waypoint x="580.5" y="380.0"/>
         </bpmndi:BPMNEdge>
         <bpmndi:BPMNEdge bpmnElement="sid-30EC95E3-E1E8-4768-AC82-04D27EDEC8E4" id="sid-30EC95E3-E1E8-4768-AC82-04D27EDEC8E4_gui">
            <omgdi:waypoint x="315.5" y="235.0"/>
            <omgdi:waypoint x="315.5" y="85.0"/>
            <omgdi:waypoint x="415.0" y="85.0"/>
         </bpmndi:BPMNEdge>
         <bpmndi:BPMNEdge bpmnElement="sid-2E4601D7-D9E4-4697-BE2F-C23CF538B43F" id="sid-2E4601D7-D9E4-4697-BE2F-C23CF538B43F_gui">
            <omgdi:waypoint x="315.5" y="275.0"/>
            <omgdi:waypoint x="315.5" y="435.0"/>
            <omgdi:waypoint x="415.0" y="435.0"/>
         </bpmndi:BPMNEdge>
         <bpmndi:BPMNEdge bpmnElement="sid-2CCAD933-9D56-42E9-B42D-BCA589DE45B0" id="sid-2CCAD933-9D56-42E9-B42D-BCA589DE45B0_gui">
            <omgdi:waypoint x="325.0" y="275.0"/>
            <omgdi:waypoint x="325.0" y="310.0"/>
            <omgdi:waypoint x="415.0" y="310.0"/>
         </bpmndi:BPMNEdge>
         <bpmndi:BPMNEdge bpmnElement="sid-8F48CFC2-3451-4E15-87D7-0BD44494EF10" id="sid-8F48CFC2-3451-4E15-87D7-0BD44494EF10_gui">
            <omgdi:waypoint x="325.0" y="235.0"/>
            <omgdi:waypoint x="325.0" y="205.0"/>
            <omgdi:waypoint x="415.0" y="205.0"/>
         </bpmndi:BPMNEdge>
         <bpmndi:BPMNEdge bpmnElement="sid-9CFC0A22-83B1-4374-9D3A-DFC8AA6B0BCB" id="sid-9CFC0A22-83B1-4374-9D3A-DFC8AA6B0BCB_gui">
            <omgdi:waypoint x="600.0" y="150.37579617834396"/>
            <omgdi:waypoint x="645.0" y="150.0891719745223"/>
         </bpmndi:BPMNEdge>
         <bpmndi:BPMNEdge bpmnElement="sid-C9ACD4BF-0E83-4654-B063-4D07323830A8" id="sid-C9ACD4BF-0E83-4654-B063-4D07323830A8_gui">
            <omgdi:waypoint x="600.0" y="360.37579617834393"/>
            <omgdi:waypoint x="645.0" y="360.0891719745223"/>
         </bpmndi:BPMNEdge>
      </bpmndi:BPMNPlane>
      <bpmndi:BPMNLabelStyle id="sid-5ea048fe-4af7-469c-8801-94236e4b37f7">
         <omgdc:Font isBold="false" isItalic="false" isStrikeThrough="false" isUnderline="false" name="Arial" size="11.0"/>
      </bpmndi:BPMNLabelStyle>
      <bpmndi:BPMNLabelStyle id="sid-faf71755-3f53-43d0-822f-070e6d7b53ac">
         <omgdc:Font isBold="false" isItalic="false" isStrikeThrough="false" isUnderline="false" name="Arial" size="12.0"/>
      </bpmndi:BPMNLabelStyle>
   </bpmndi:BPMNDiagram>
</definitions>
