<?xml version="1.0" encoding="UTF-8"?>
<definitions xmlns="http://www.omg.org/spec/BPMN/20100524/MODEL" xmlns:bpmndi="http://www.omg.org/spec/BPMN/20100524/DI" xmlns:omgdc="http://www.omg.org/spec/DD/20100524/DC" xmlns:omgdi="http://www.omg.org/spec/DD/20100524/DI" xmlns:signavio="http://www.signavio.com" xmlns:xsi="http://www.w3.org/2001/XMLSchema-instance" exporter="Signavio Process Editor, http://www.signavio.com" exporterVersion="10.11.0" expressionLanguage="http://www.w3.org/TR/XPath" id="sid-81564002-a0a0-4bb6-9db6-6647b0ad41e2" targetNamespace="http://www.signavio.com" typeLanguage="http://www.w3.org/2001/XMLSchema" xsi:schemaLocation="http://www.omg.org/spec/BPMN/20100524/MODEL http://www.omg.org/spec/BPMN/2.0/20100501/BPMN20.xsd">
   <process id="ParallelR2R4_1.2.6" isClosed="false" isExecutable="true" processType="None">
      <extensionElements>
         <signavio:signavioDiagramMetaData metaKey="revisionid" metaValue="73193b85f74a46f3ae5abe5abef291ca"/>
      </extensionElements>
      <startEvent id="sid-B614AE31-B0BF-4631-A2A5-2EE76511CF77" name="1.2.6 Start">
         <extensionElements>
            <signavio:signavioMetaData metaKey="bgcolor" metaValue="#ffffff"/>
            <signavio:signavioMetaData metaKey="preceedingprocesses" metaValue="[]"/>
         </extensionElements>
         <outgoing>sid-4090699D-3240-4483-8A07-45DC488A23A6</outgoing>
      </startEvent>
      <scriptTask completionQuantity="1" id="sid-FA7457AC-E2D8-4F22-A4A6-237F4A333857" isForCompensation="false" name="Empty ST &#10;1.2.6.1" scriptFormat="groovy" startQuantity="1">
         <extensionElements>
            <signavio:signavioMetaData metaKey="bgcolor" metaValue="#ffffcc"/>
            <signavio:signavioMetaData metaKey="risklevel" metaValue=""/>
            <signavio:signavioMetaData metaKey="externaldocuments" metaValue="[]"/>
         </extensionElements>
         <incoming>sid-4090699D-3240-4483-8A07-45DC488A23A6</incoming>
         <outgoing>sid-6E4CE959-F349-430D-856D-6748B2B87FFB</outgoing>
         <outgoing>sid-009AD4EB-FFF7-43DB-AF2A-DF6E6DE3A333</outgoing>
         <outgoing>sid-41DDD4A2-C180-47D8-B828-0A3E8A91B2F0</outgoing>
         <outgoing>sid-E9CAE93D-859A-4CC1-B62A-8CF7095FBA0A</outgoing>
         <script/>
      </scriptTask>
      <scriptTask completionQuantity="1" id="sid-A7550E5C-AEA1-4E61-8982-3762D9DF1884" isForCompensation="false" name="Empty ST &#10;1.2.6.2" scriptFormat="groovy" startQuantity="1">
         <extensionElements>
            <signavio:signavioMetaData metaKey="bgcolor" metaValue="#ffffcc"/>
            <signavio:signavioMetaData metaKey="risklevel" metaValue=""/>
            <signavio:signavioMetaData metaKey="externaldocuments" metaValue="[]"/>
         </extensionElements>
         <incoming>sid-6E4CE959-F349-430D-856D-6748B2B87FFB</incoming>
         <outgoing>sid-71893225-3BD9-4C64-B907-3FB83C50BDAA</outgoing>
         <script/>
      </scriptTask>
      <scriptTask completionQuantity="1" id="sid-BADD45D9-BF98-4E2A-B984-7A0FF87492CA" isForCompensation="false" name="Empty ST &#10;1.2.6.3" scriptFormat="groovy" startQuantity="1">
         <extensionElements>
            <signavio:signavioMetaData metaKey="bgcolor" metaValue="#ffffcc"/>
            <signavio:signavioMetaData metaKey="risklevel" metaValue=""/>
            <signavio:signavioMetaData metaKey="externaldocuments" metaValue="[]"/>
         </extensionElements>
         <incoming>sid-009AD4EB-FFF7-43DB-AF2A-DF6E6DE3A333</incoming>
         <outgoing>sid-9E3F2271-76F5-4FA6-8F7F-86CF29A80D0E</outgoing>
         <script/>
      </scriptTask>
      <scriptTask completionQuantity="1" id="sid-329C24B6-96D5-4D20-BD84-7966B611275D" isForCompensation="false" name="Empty ST &#10;1.2.6.4" scriptFormat="groovy" startQuantity="1">
         <extensionElements>
            <signavio:signavioMetaData metaKey="bgcolor" metaValue="#ffffcc"/>
            <signavio:signavioMetaData metaKey="risklevel" metaValue=""/>
            <signavio:signavioMetaData metaKey="externaldocuments" metaValue="[]"/>
         </extensionElements>
         <incoming>sid-41DDD4A2-C180-47D8-B828-0A3E8A91B2F0</incoming>
         <outgoing>sid-0FC241EF-84F3-4B8F-849F-50DCC17C2881</outgoing>
         <script/>
      </scriptTask>
      <scriptTask completionQuantity="1" id="sid-E4AEF289-0366-4031-93F9-E6D761096E18" isForCompensation="false" name="Empty ST &#10;1.2.6.5" scriptFormat="groovy" startQuantity="1">
         <extensionElements>
            <signavio:signavioMetaData metaKey="bgcolor" metaValue="#ffffcc"/>
            <signavio:signavioMetaData metaKey="risklevel" metaValue=""/>
            <signavio:signavioMetaData metaKey="externaldocuments" metaValue="[]"/>
         </extensionElements>
         <incoming>sid-E9CAE93D-859A-4CC1-B62A-8CF7095FBA0A</incoming>
         <outgoing>sid-21D5A053-8CFB-48B5-AFD3-9A9E36ED02EC</outgoing>
         <script/>
      </scriptTask>
      <parallelGateway gatewayDirection="Converging" id="sid-701DAC9B-E4DE-408B-8095-2921EAEFBD3E" name="PG 1.2.6.1">
         <extensionElements>
            <signavio:signavioMetaData metaKey="bgcolor" metaValue="#ffffff"/>
         </extensionElements>
         <incoming>sid-71893225-3BD9-4C64-B907-3FB83C50BDAA</incoming>
         <incoming>sid-9E3F2271-76F5-4FA6-8F7F-86CF29A80D0E</incoming>
         <outgoing>sid-D7F2BE3C-A3F2-41F7-A0C2-A5DC9B5EB33A</outgoing>
      </parallelGateway>
      <parallelGateway gatewayDirection="Converging" id="sid-0D616434-9CFA-441A-968E-D4CE81CBEDF4" name="PG 1.2.6.2">
         <extensionElements>
            <signavio:signavioMetaData metaKey="bgcolor" metaValue="#ffffff"/>
         </extensionElements>
         <incoming>sid-0FC241EF-84F3-4B8F-849F-50DCC17C2881</incoming>
         <incoming>sid-21D5A053-8CFB-48B5-AFD3-9A9E36ED02EC</incoming>
         <outgoing>sid-5849C500-F408-4E63-A306-BFB4B7DC9B5C</outgoing>
      </parallelGateway>
      <parallelGateway gatewayDirection="Converging" id="sid-9BA30C52-D366-4F5E-A437-7E314466199C" name="PG 1.2.6.3">
         <extensionElements>
            <signavio:signavioMetaData metaKey="bgcolor" metaValue="#ffffff"/>
            <signavio:signavioLabel align="center" ref="text_name" valign="middle" x="-22.0" y="37.0"/>
         </extensionElements>
         <incoming>sid-D7F2BE3C-A3F2-41F7-A0C2-A5DC9B5EB33A</incoming>
         <incoming>sid-5849C500-F408-4E63-A306-BFB4B7DC9B5C</incoming>
         <outgoing>sid-28E8845F-7776-4337-80CF-8BB7E7DC87AC</outgoing>
      </parallelGateway>
      <endEvent id="sid-79F7597A-8FF3-45B7-9AFA-610309EFE864" name="1.2.6 End">
         <extensionElements>
            <signavio:signavioMetaData metaKey="bgcolor" metaValue="#ffffff"/>
            <signavio:signavioMetaData metaKey="followingprocesses" metaValue="[]"/>
         </extensionElements>
         <incoming>sid-28E8845F-7776-4337-80CF-8BB7E7DC87AC</incoming>
      </endEvent>
      <sequenceFlow id="sid-4090699D-3240-4483-8A07-45DC488A23A6" name="" sourceRef="sid-B614AE31-B0BF-4631-A2A5-2EE76511CF77" targetRef="sid-FA7457AC-E2D8-4F22-A4A6-237F4A333857"/>
      <sequenceFlow id="sid-71893225-3BD9-4C64-B907-3FB83C50BDAA" name="" sourceRef="sid-A7550E5C-AEA1-4E61-8982-3762D9DF1884" targetRef="sid-701DAC9B-E4DE-408B-8095-2921EAEFBD3E"/>
      <sequenceFlow id="sid-9E3F2271-76F5-4FA6-8F7F-86CF29A80D0E" name="" sourceRef="sid-BADD45D9-BF98-4E2A-B984-7A0FF87492CA" targetRef="sid-701DAC9B-E4DE-408B-8095-2921EAEFBD3E"/>
      <sequenceFlow id="sid-0FC241EF-84F3-4B8F-849F-50DCC17C2881" name="" sourceRef="sid-329C24B6-96D5-4D20-BD84-7966B611275D" targetRef="sid-0D616434-9CFA-441A-968E-D4CE81CBEDF4"/>
      <sequenceFlow id="sid-21D5A053-8CFB-48B5-AFD3-9A9E36ED02EC" name="" sourceRef="sid-E4AEF289-0366-4031-93F9-E6D761096E18" targetRef="sid-0D616434-9CFA-441A-968E-D4CE81CBEDF4"/>
      <sequenceFlow id="sid-D7F2BE3C-A3F2-41F7-A0C2-A5DC9B5EB33A" name="" sourceRef="sid-701DAC9B-E4DE-408B-8095-2921EAEFBD3E" targetRef="sid-9BA30C52-D366-4F5E-A437-7E314466199C"/>
      <sequenceFlow id="sid-5849C500-F408-4E63-A306-BFB4B7DC9B5C" name="" sourceRef="sid-0D616434-9CFA-441A-968E-D4CE81CBEDF4" targetRef="sid-9BA30C52-D366-4F5E-A437-7E314466199C"/>
      <sequenceFlow id="sid-28E8845F-7776-4337-80CF-8BB7E7DC87AC" name="" sourceRef="sid-9BA30C52-D366-4F5E-A437-7E314466199C" targetRef="sid-79F7597A-8FF3-45B7-9AFA-610309EFE864"/>
      <sequenceFlow id="sid-6E4CE959-F349-430D-856D-6748B2B87FFB" name="" sourceRef="sid-FA7457AC-E2D8-4F22-A4A6-237F4A333857" targetRef="sid-A7550E5C-AEA1-4E61-8982-3762D9DF1884"/>
      <sequenceFlow id="sid-009AD4EB-FFF7-43DB-AF2A-DF6E6DE3A333" name="" sourceRef="sid-FA7457AC-E2D8-4F22-A4A6-237F4A333857" targetRef="sid-BADD45D9-BF98-4E2A-B984-7A0FF87492CA"/>
      <sequenceFlow id="sid-41DDD4A2-C180-47D8-B828-0A3E8A91B2F0" name="" sourceRef="sid-FA7457AC-E2D8-4F22-A4A6-237F4A333857" targetRef="sid-329C24B6-96D5-4D20-BD84-7966B611275D"/>
      <sequenceFlow id="sid-E9CAE93D-859A-4CC1-B62A-8CF7095FBA0A" name="" sourceRef="sid-FA7457AC-E2D8-4F22-A4A6-237F4A333857" targetRef="sid-E4AEF289-0366-4031-93F9-E6D761096E18"/>
   </process>
   <bpmndi:BPMNDiagram id="sid-30060891-831e-43a7-9c94-7822d1cb735f">
      <bpmndi:BPMNPlane bpmnElement="ParallelR2R4_1.2.6" id="sid-86dc0957-9ff5-400b-9ae2-df6b56b0c5e9">
         <bpmndi:BPMNShape bpmnElement="sid-B614AE31-B0BF-4631-A2A5-2EE76511CF77" id="sid-B614AE31-B0BF-4631-A2A5-2EE76511CF77_gui">
            <omgdc:Bounds height="30.0" width="30.0" x="95.0" y="240.0"/>
            <bpmndi:BPMNLabel labelStyle="sid-3e619984-ea3b-4150-b116-8134563e06c4">
               <omgdc:Bounds height="11.0" width="55.157142639160156" x="82.42142868041992" y="272.0"/>
            </bpmndi:BPMNLabel>
         </bpmndi:BPMNShape>
         <bpmndi:BPMNShape bpmnElement="sid-FA7457AC-E2D8-4F22-A4A6-237F4A333857" id="sid-FA7457AC-E2D8-4F22-A4A6-237F4A333857_gui">
            <omgdc:Bounds height="80.0" width="112.0" x="170.0" y="215.0"/>
            <bpmndi:BPMNLabel labelStyle="sid-97d42a8c-5cc9-4e1e-b928-bf38562e7cfd">
               <omgdc:Bounds height="24.0" width="53.22857666015625" x="199.38571166992188" y="241.0"/>
            </bpmndi:BPMNLabel>
         </bpmndi:BPMNShape>
         <bpmndi:BPMNShape bpmnElement="sid-A7550E5C-AEA1-4E61-8982-3762D9DF1884" id="sid-A7550E5C-AEA1-4E61-8982-3762D9DF1884_gui">
            <omgdc:Bounds height="80.0" width="112.0" x="415.0" y="45.0"/>
            <bpmndi:BPMNLabel labelStyle="sid-97d42a8c-5cc9-4e1e-b928-bf38562e7cfd">
               <omgdc:Bounds height="24.0" width="53.22857666015625" x="444.3857116699219" y="71.0"/>
            </bpmndi:BPMNLabel>
         </bpmndi:BPMNShape>
         <bpmndi:BPMNShape bpmnElement="sid-BADD45D9-BF98-4E2A-B984-7A0FF87492CA" id="sid-BADD45D9-BF98-4E2A-B984-7A0FF87492CA_gui">
            <omgdc:Bounds height="80.0" width="112.0" x="415.0" y="165.0"/>
            <bpmndi:BPMNLabel labelStyle="sid-97d42a8c-5cc9-4e1e-b928-bf38562e7cfd">
               <omgdc:Bounds height="24.0" width="53.22857666015625" x="444.3857116699219" y="191.0"/>
            </bpmndi:BPMNLabel>
         </bpmndi:BPMNShape>
         <bpmndi:BPMNShape bpmnElement="sid-329C24B6-96D5-4D20-BD84-7966B611275D" id="sid-329C24B6-96D5-4D20-BD84-7966B611275D_gui">
            <omgdc:Bounds height="80.0" width="112.0" x="415.0" y="270.0"/>
            <bpmndi:BPMNLabel labelStyle="sid-97d42a8c-5cc9-4e1e-b928-bf38562e7cfd">
               <omgdc:Bounds height="24.0" width="53.22857666015625" x="444.3857116699219" y="296.0"/>
            </bpmndi:BPMNLabel>
         </bpmndi:BPMNShape>
         <bpmndi:BPMNShape bpmnElement="sid-E4AEF289-0366-4031-93F9-E6D761096E18" id="sid-E4AEF289-0366-4031-93F9-E6D761096E18_gui">
            <omgdc:Bounds height="80.0" width="112.0" x="415.0" y="395.0"/>
            <bpmndi:BPMNLabel labelStyle="sid-97d42a8c-5cc9-4e1e-b928-bf38562e7cfd">
               <omgdc:Bounds height="24.0" width="53.22857666015625" x="444.3857116699219" y="421.0"/>
            </bpmndi:BPMNLabel>
         </bpmndi:BPMNShape>
         <bpmndi:BPMNShape bpmnElement="sid-701DAC9B-E4DE-408B-8095-2921EAEFBD3E" id="sid-701DAC9B-E4DE-408B-8095-2921EAEFBD3E_gui">
            <omgdc:Bounds height="40.0" width="40.0" x="560.0" y="130.0"/>
            <bpmndi:BPMNLabel labelStyle="sid-3e619984-ea3b-4150-b116-8134563e06c4">
               <omgdc:Bounds height="12.0" width="57.857147216796875" x="590.5" y="160.5"/>
            </bpmndi:BPMNLabel>
         </bpmndi:BPMNShape>
         <bpmndi:BPMNShape bpmnElement="sid-0D616434-9CFA-441A-968E-D4CE81CBEDF4" id="sid-0D616434-9CFA-441A-968E-D4CE81CBEDF4_gui">
            <omgdc:Bounds height="40.0" width="40.0" x="560.0" y="340.0"/>
            <bpmndi:BPMNLabel labelStyle="sid-3e619984-ea3b-4150-b116-8134563e06c4">
               <omgdc:Bounds height="12.0" width="57.857147216796875" x="590.5" y="370.5"/>
            </bpmndi:BPMNLabel>
         </bpmndi:BPMNShape>
         <bpmndi:BPMNShape bpmnElement="sid-9BA30C52-D366-4F5E-A437-7E314466199C" id="sid-9BA30C52-D366-4F5E-A437-7E314466199C_gui">
            <omgdc:Bounds height="40.0" width="40.0" x="675.0" y="235.0"/>
            <bpmndi:BPMNLabel labelStyle="sid-3e619984-ea3b-4150-b116-8134563e06c4">
               <omgdc:Bounds height="12.0" width="57.85714340209961" x="624.0714282989502" y="264.0"/>
            </bpmndi:BPMNLabel>
         </bpmndi:BPMNShape>
         <bpmndi:BPMNShape bpmnElement="sid-79F7597A-8FF3-45B7-9AFA-610309EFE864" id="sid-79F7597A-8FF3-45B7-9AFA-610309EFE864_gui">
            <omgdc:Bounds height="28.0" width="28.0" x="760.0" y="241.0"/>
            <bpmndi:BPMNLabel labelStyle="sid-3e619984-ea3b-4150-b116-8134563e06c4">
               <omgdc:Bounds height="11.0" width="48.7928581237793" x="749.6035709381104" y="271.0"/>
            </bpmndi:BPMNLabel>
         </bpmndi:BPMNShape>
         <bpmndi:BPMNEdge bpmnElement="sid-4090699D-3240-4483-8A07-45DC488A23A6" id="sid-4090699D-3240-4483-8A07-45DC488A23A6_gui">
            <omgdi:waypoint x="125.0" y="255.0"/>
            <omgdi:waypoint x="170.0" y="255.0"/>
         </bpmndi:BPMNEdge>
         <bpmndi:BPMNEdge bpmnElement="sid-71893225-3BD9-4C64-B907-3FB83C50BDAA" id="sid-71893225-3BD9-4C64-B907-3FB83C50BDAA_gui">
            <omgdi:waypoint x="527.0" y="85.0"/>
            <omgdi:waypoint x="580.5" y="85.0"/>
            <omgdi:waypoint x="580.5" y="130.0"/>
         </bpmndi:BPMNEdge>
         <bpmndi:BPMNEdge bpmnElement="sid-9E3F2271-76F5-4FA6-8F7F-86CF29A80D0E" id="sid-9E3F2271-76F5-4FA6-8F7F-86CF29A80D0E_gui">
            <omgdi:waypoint x="527.0" y="205.0"/>
            <omgdi:waypoint x="580.5" y="205.0"/>
            <omgdi:waypoint x="580.5" y="170.0"/>
         </bpmndi:BPMNEdge>
         <bpmndi:BPMNEdge bpmnElement="sid-0FC241EF-84F3-4B8F-849F-50DCC17C2881" id="sid-0FC241EF-84F3-4B8F-849F-50DCC17C2881_gui">
            <omgdi:waypoint x="527.0" y="310.0"/>
            <omgdi:waypoint x="580.5" y="310.0"/>
            <omgdi:waypoint x="580.5" y="340.0"/>
         </bpmndi:BPMNEdge>
         <bpmndi:BPMNEdge bpmnElement="sid-21D5A053-8CFB-48B5-AFD3-9A9E36ED02EC" id="sid-21D5A053-8CFB-48B5-AFD3-9A9E36ED02EC_gui">
            <omgdi:waypoint x="527.0" y="435.0"/>
            <omgdi:waypoint x="580.5" y="435.0"/>
            <omgdi:waypoint x="580.5" y="380.0"/>
         </bpmndi:BPMNEdge>
         <bpmndi:BPMNEdge bpmnElement="sid-D7F2BE3C-A3F2-41F7-A0C2-A5DC9B5EB33A" id="sid-D7F2BE3C-A3F2-41F7-A0C2-A5DC9B5EB33A_gui">
            <omgdi:waypoint x="600.0" y="150.5"/>
            <omgdi:waypoint x="695.5" y="150.5"/>
            <omgdi:waypoint x="695.5" y="235.0"/>
         </bpmndi:BPMNEdge>
         <bpmndi:BPMNEdge bpmnElement="sid-5849C500-F408-4E63-A306-BFB4B7DC9B5C" id="sid-5849C500-F408-4E63-A306-BFB4B7DC9B5C_gui">
            <omgdi:waypoint x="600.0" y="360.5"/>
            <omgdi:waypoint x="695.5" y="360.5"/>
            <omgdi:waypoint x="695.5" y="275.0"/>
         </bpmndi:BPMNEdge>
         <bpmndi:BPMNEdge bpmnElement="sid-28E8845F-7776-4337-80CF-8BB7E7DC87AC" id="sid-28E8845F-7776-4337-80CF-8BB7E7DC87AC_gui">
            <omgdi:waypoint x="715.0" y="255.37579617834396"/>
            <omgdi:waypoint x="760.0" y="255.0891719745223"/>
         </bpmndi:BPMNEdge>
         <bpmndi:BPMNEdge bpmnElement="sid-6E4CE959-F349-430D-856D-6748B2B87FFB" id="sid-6E4CE959-F349-430D-856D-6748B2B87FFB_gui">
            <omgdi:waypoint x="226.0" y="215.0"/>
            <omgdi:waypoint x="226.0" y="85.0"/>
            <omgdi:waypoint x="415.0" y="85.0"/>
         </bpmndi:BPMNEdge>
         <bpmndi:BPMNEdge bpmnElement="sid-009AD4EB-FFF7-43DB-AF2A-DF6E6DE3A333" id="sid-009AD4EB-FFF7-43DB-AF2A-DF6E6DE3A333_gui">
            <omgdi:waypoint x="282.0" y="235.0"/>
            <omgdi:waypoint x="338.5" y="235.0"/>
            <omgdi:waypoint x="338.5" y="205.0"/>
            <omgdi:waypoint x="415.0" y="205.0"/>
         </bpmndi:BPMNEdge>
         <bpmndi:BPMNEdge bpmnElement="sid-41DDD4A2-C180-47D8-B828-0A3E8A91B2F0" id="sid-41DDD4A2-C180-47D8-B828-0A3E8A91B2F0_gui">
            <omgdi:waypoint x="282.0" y="275.0"/>
            <omgdi:waypoint x="338.5" y="275.0"/>
            <omgdi:waypoint x="338.5" y="310.0"/>
            <omgdi:waypoint x="415.0" y="310.0"/>
         </bpmndi:BPMNEdge>
         <bpmndi:BPMNEdge bpmnElement="sid-E9CAE93D-859A-4CC1-B62A-8CF7095FBA0A" id="sid-E9CAE93D-859A-4CC1-B62A-8CF7095FBA0A_gui">
            <omgdi:waypoint x="226.0" y="295.0"/>
            <omgdi:waypoint x="226.0" y="435.0"/>
            <omgdi:waypoint x="415.0" y="435.0"/>
         </bpmndi:BPMNEdge>
      </bpmndi:BPMNPlane>
      <bpmndi:BPMNLabelStyle id="sid-3e619984-ea3b-4150-b116-8134563e06c4">
         <omgdc:Font isBold="false" isItalic="false" isStrikeThrough="false" isUnderline="false" name="Arial" size="11.0"/>
      </bpmndi:BPMNLabelStyle>
      <bpmndi:BPMNLabelStyle id="sid-97d42a8c-5cc9-4e1e-b928-bf38562e7cfd">
         <omgdc:Font isBold="false" isItalic="false" isStrikeThrough="false" isUnderline="false" name="Arial" size="12.0"/>
      </bpmndi:BPMNLabelStyle>
   </bpmndi:BPMNDiagram>
</definitions>
