<?xml version="1.0" encoding="UTF-8"?>
<definitions xmlns="http://www.omg.org/spec/BPMN/20100524/MODEL" xmlns:bpmndi="http://www.omg.org/spec/BPMN/20100524/DI" xmlns:omgdc="http://www.omg.org/spec/DD/20100524/DC" xmlns:omgdi="http://www.omg.org/spec/DD/20100524/DI" xmlns:signavio="http://www.signavio.com" xmlns:xsi="http://www.w3.org/2001/XMLSchema-instance" exporter="Signavio Process Editor, http://www.signavio.com" exporterVersion="10.11.0" expressionLanguage="http://www.w3.org/TR/XPath" id="sid-a9e42571-2c1b-4778-8148-d0318974ec6f" targetNamespace="http://www.signavio.com" typeLanguage="http://www.w3.org/2001/XMLSchema" xsi:schemaLocation="http://www.omg.org/spec/BPMN/20100524/MODEL http://www.omg.org/spec/BPMN/2.0/20100501/BPMN20.xsd">
   <process id="ParallelR4R5_1.2.10" isClosed="false" isExecutable="true" processType="None">
      <extensionElements>
         <signavio:signavioDiagramMetaData metaKey="revisionid" metaValue="db78b2d7febc4b239feaee228654d3cb"/>
      </extensionElements>
      <startEvent id="sid-B614AE31-B0BF-4631-A2A5-2EE76511CF77" name="1.2.10 Start">
         <extensionElements>
            <signavio:signavioMetaData metaKey="bgcolor" metaValue="#ffffff"/>
            <signavio:signavioMetaData metaKey="preceedingprocesses" metaValue="[]"/>
         </extensionElements>
         <outgoing>sid-4090699D-3240-4483-8A07-45DC488A23A6</outgoing>
      </startEvent>
      <scriptTask completionQuantity="1" id="sid-FA7457AC-E2D8-4F22-A4A6-237F4A333857" isForCompensation="false" name="Empty ST &#10;1.2.10.1" scriptFormat="groovy" startQuantity="1">
         <extensionElements>
            <signavio:signavioMetaData metaKey="bgcolor" metaValue="#ffffcc"/>
            <signavio:signavioMetaData metaKey="risklevel" metaValue=""/>
            <signavio:signavioMetaData metaKey="externaldocuments" metaValue="[]"/>
         </extensionElements>
         <incoming>sid-4090699D-3240-4483-8A07-45DC488A23A6</incoming>
         <outgoing>sid-E79C5430-4131-40A7-847E-F4DD2A622247</outgoing>
         <outgoing>sid-99BC3CBA-D824-4B1A-9279-C171A6F69C53</outgoing>
         <script/>
      </scriptTask>
      <parallelGateway gatewayDirection="Diverging" id="sid-24563264-9E7F-4065-B18B-5776AD22039E" name="PG 1.2.10.1">
         <extensionElements>
            <signavio:signavioMetaData metaKey="bgcolor" metaValue="#ffffff"/>
         </extensionElements>
         <incoming>sid-99BC3CBA-D824-4B1A-9279-C171A6F69C53</incoming>
         <outgoing>sid-AF05EA24-440D-496F-B7AE-F85664501E97</outgoing>
         <outgoing>sid-FAF68895-EE74-46B0-8E04-87E7AEDAE0F6</outgoing>
      </parallelGateway>
      <parallelGateway gatewayDirection="Diverging" id="sid-B59AF1B4-7355-4FE3-A094-5C0CED212F3B" name="PG 1.2.10.3">
         <extensionElements>
            <signavio:signavioMetaData metaKey="bgcolor" metaValue="#ffffff"/>
            <signavio:signavioLabel align="center" ref="text_name" valign="middle" x="73.0" y="36.0"/>
         </extensionElements>
         <incoming>sid-E79C5430-4131-40A7-847E-F4DD2A622247</incoming>
         <outgoing>sid-B8C72487-EDAF-4B3C-8519-B4E21724C47D</outgoing>
         <outgoing>sid-FF8F1720-6568-4529-9741-5D79951B7C74</outgoing>
      </parallelGateway>
      <scriptTask completionQuantity="1" id="sid-A7550E5C-AEA1-4E61-8982-3762D9DF1884" isForCompensation="false" name="Empty ST &#10;1.2.10.2" scriptFormat="groovy" startQuantity="1">
         <extensionElements>
            <signavio:signavioMetaData metaKey="bgcolor" metaValue="#ffffcc"/>
            <signavio:signavioMetaData metaKey="risklevel" metaValue=""/>
            <signavio:signavioMetaData metaKey="externaldocuments" metaValue="[]"/>
         </extensionElements>
         <incoming>sid-AF05EA24-440D-496F-B7AE-F85664501E97</incoming>
         <outgoing>sid-71893225-3BD9-4C64-B907-3FB83C50BDAA</outgoing>
         <script/>
      </scriptTask>
      <scriptTask completionQuantity="1" id="sid-BADD45D9-BF98-4E2A-B984-7A0FF87492CA" isForCompensation="false" name="Empty ST &#10;1.2.10.3" scriptFormat="groovy" startQuantity="1">
         <extensionElements>
            <signavio:signavioMetaData metaKey="bgcolor" metaValue="#ffffcc"/>
            <signavio:signavioMetaData metaKey="risklevel" metaValue=""/>
            <signavio:signavioMetaData metaKey="externaldocuments" metaValue="[]"/>
         </extensionElements>
         <incoming>sid-FAF68895-EE74-46B0-8E04-87E7AEDAE0F6</incoming>
         <outgoing>sid-9E3F2271-76F5-4FA6-8F7F-86CF29A80D0E</outgoing>
         <script/>
      </scriptTask>
      <scriptTask completionQuantity="1" id="sid-329C24B6-96D5-4D20-BD84-7966B611275D" isForCompensation="false" name="Empty ST &#10;1.2.10.4" scriptFormat="groovy" startQuantity="1">
         <extensionElements>
            <signavio:signavioMetaData metaKey="bgcolor" metaValue="#ffffcc"/>
            <signavio:signavioMetaData metaKey="risklevel" metaValue=""/>
            <signavio:signavioMetaData metaKey="externaldocuments" metaValue="[]"/>
         </extensionElements>
         <incoming>sid-B8C72487-EDAF-4B3C-8519-B4E21724C47D</incoming>
         <outgoing>sid-0FC241EF-84F3-4B8F-849F-50DCC17C2881</outgoing>
         <script/>
      </scriptTask>
      <scriptTask completionQuantity="1" id="sid-E4AEF289-0366-4031-93F9-E6D761096E18" isForCompensation="false" name="Empty ST &#10;1.2.10.5" scriptFormat="groovy" startQuantity="1">
         <extensionElements>
            <signavio:signavioMetaData metaKey="bgcolor" metaValue="#ffffcc"/>
            <signavio:signavioMetaData metaKey="risklevel" metaValue=""/>
            <signavio:signavioMetaData metaKey="externaldocuments" metaValue="[]"/>
         </extensionElements>
         <incoming>sid-FF8F1720-6568-4529-9741-5D79951B7C74</incoming>
         <outgoing>sid-21D5A053-8CFB-48B5-AFD3-9A9E36ED02EC</outgoing>
         <script/>
      </scriptTask>
      <parallelGateway gatewayDirection="Converging" id="sid-701DAC9B-E4DE-408B-8095-2921EAEFBD3E" name="PG 1.2.10.2">
         <extensionElements>
            <signavio:signavioMetaData metaKey="bgcolor" metaValue="#ffffff"/>
            <signavio:signavioLabel align="right" bottom="false" left="true" ref="text_name" right="false" top="false" valign="middle" x="-7.0" y="20.0"/>
         </extensionElements>
         <incoming>sid-71893225-3BD9-4C64-B907-3FB83C50BDAA</incoming>
         <incoming>sid-9E3F2271-76F5-4FA6-8F7F-86CF29A80D0E</incoming>
         <outgoing>sid-83CD193B-9CDE-42DB-BA0C-122DB2EA5B54</outgoing>
      </parallelGateway>
      <parallelGateway gatewayDirection="Converging" id="sid-0D616434-9CFA-441A-968E-D4CE81CBEDF4" name="PG 1.2.10.4">
         <extensionElements>
            <signavio:signavioMetaData metaKey="bgcolor" metaValue="#ffffff"/>
            <signavio:signavioLabel align="center" ref="text_name" valign="middle" x="-32.0" y="33.0"/>
         </extensionElements>
         <incoming>sid-0FC241EF-84F3-4B8F-849F-50DCC17C2881</incoming>
         <incoming>sid-21D5A053-8CFB-48B5-AFD3-9A9E36ED02EC</incoming>
         <outgoing>sid-18849069-B5B1-4F0D-A3A1-98FE3DBE1F66</outgoing>
      </parallelGateway>
      <endEvent id="sid-600B1087-C07A-45F4-947C-B9B710D869F9" name="1.2.10.1 End">
         <extensionElements>
            <signavio:signavioMetaData metaKey="bgcolor" metaValue="#ffffff"/>
            <signavio:signavioMetaData metaKey="followingprocesses" metaValue=""/>
         </extensionElements>
         <incoming>sid-83CD193B-9CDE-42DB-BA0C-122DB2EA5B54</incoming>
      </endEvent>
      <endEvent id="sid-4C3A8AE5-C1D8-4C78-BEBD-261C283C911B" name="1.2.10.2 End">
         <extensionElements>
            <signavio:signavioMetaData metaKey="bgcolor" metaValue="#ffffff"/>
            <signavio:signavioMetaData metaKey="followingprocesses" metaValue=""/>
         </extensionElements>
         <incoming>sid-18849069-B5B1-4F0D-A3A1-98FE3DBE1F66</incoming>
      </endEvent>
      <sequenceFlow id="sid-4090699D-3240-4483-8A07-45DC488A23A6" name="" sourceRef="sid-B614AE31-B0BF-4631-A2A5-2EE76511CF77" targetRef="sid-FA7457AC-E2D8-4F22-A4A6-237F4A333857"/>
      <sequenceFlow id="sid-AF05EA24-440D-496F-B7AE-F85664501E97" name="" sourceRef="sid-24563264-9E7F-4065-B18B-5776AD22039E" targetRef="sid-A7550E5C-AEA1-4E61-8982-3762D9DF1884"/>
      <sequenceFlow id="sid-FAF68895-EE74-46B0-8E04-87E7AEDAE0F6" name="" sourceRef="sid-24563264-9E7F-4065-B18B-5776AD22039E" targetRef="sid-BADD45D9-BF98-4E2A-B984-7A0FF87492CA"/>
      <sequenceFlow id="sid-B8C72487-EDAF-4B3C-8519-B4E21724C47D" name="" sourceRef="sid-B59AF1B4-7355-4FE3-A094-5C0CED212F3B" targetRef="sid-329C24B6-96D5-4D20-BD84-7966B611275D"/>
      <sequenceFlow id="sid-FF8F1720-6568-4529-9741-5D79951B7C74" name="" sourceRef="sid-B59AF1B4-7355-4FE3-A094-5C0CED212F3B" targetRef="sid-E4AEF289-0366-4031-93F9-E6D761096E18"/>
      <sequenceFlow id="sid-71893225-3BD9-4C64-B907-3FB83C50BDAA" name="" sourceRef="sid-A7550E5C-AEA1-4E61-8982-3762D9DF1884" targetRef="sid-701DAC9B-E4DE-408B-8095-2921EAEFBD3E"/>
      <sequenceFlow id="sid-9E3F2271-76F5-4FA6-8F7F-86CF29A80D0E" name="" sourceRef="sid-BADD45D9-BF98-4E2A-B984-7A0FF87492CA" targetRef="sid-701DAC9B-E4DE-408B-8095-2921EAEFBD3E"/>
      <sequenceFlow id="sid-0FC241EF-84F3-4B8F-849F-50DCC17C2881" name="" sourceRef="sid-329C24B6-96D5-4D20-BD84-7966B611275D" targetRef="sid-0D616434-9CFA-441A-968E-D4CE81CBEDF4"/>
      <sequenceFlow id="sid-21D5A053-8CFB-48B5-AFD3-9A9E36ED02EC" name="" sourceRef="sid-E4AEF289-0366-4031-93F9-E6D761096E18" targetRef="sid-0D616434-9CFA-441A-968E-D4CE81CBEDF4"/>
      <sequenceFlow id="sid-E79C5430-4131-40A7-847E-F4DD2A622247" name="" sourceRef="sid-FA7457AC-E2D8-4F22-A4A6-237F4A333857" targetRef="sid-B59AF1B4-7355-4FE3-A094-5C0CED212F3B"/>
      <sequenceFlow id="sid-99BC3CBA-D824-4B1A-9279-C171A6F69C53" name="" sourceRef="sid-FA7457AC-E2D8-4F22-A4A6-237F4A333857" targetRef="sid-24563264-9E7F-4065-B18B-5776AD22039E"/>
      <sequenceFlow id="sid-83CD193B-9CDE-42DB-BA0C-122DB2EA5B54" name="" sourceRef="sid-701DAC9B-E4DE-408B-8095-2921EAEFBD3E" targetRef="sid-600B1087-C07A-45F4-947C-B9B710D869F9"/>
      <sequenceFlow id="sid-18849069-B5B1-4F0D-A3A1-98FE3DBE1F66" name="" sourceRef="sid-0D616434-9CFA-441A-968E-D4CE81CBEDF4" targetRef="sid-4C3A8AE5-C1D8-4C78-BEBD-261C283C911B"/>
   </process>
   <bpmndi:BPMNDiagram id="sid-f98ff4cf-c052-4cd6-97fc-b4c5cb2b887b">
      <bpmndi:BPMNPlane bpmnElement="ParallelR4R5_1.2.10" id="sid-9f4899c4-3519-4700-af43-c10da4c265fc">
         <bpmndi:BPMNShape bpmnElement="sid-B614AE31-B0BF-4631-A2A5-2EE76511CF77" id="sid-B614AE31-B0BF-4631-A2A5-2EE76511CF77_gui">
            <omgdc:Bounds height="30.0" width="30.0" x="95.0" y="240.0"/>
            <bpmndi:BPMNLabel labelStyle="sid-038711a7-dfda-4c6d-9c10-d16721eda473">
               <omgdc:Bounds height="11.0" width="61.52142333984375" x="79.23928833007812" y="272.0"/>
            </bpmndi:BPMNLabel>
         </bpmndi:BPMNShape>
         <bpmndi:BPMNShape bpmnElement="sid-FA7457AC-E2D8-4F22-A4A6-237F4A333857" id="sid-FA7457AC-E2D8-4F22-A4A6-237F4A333857_gui">
            <omgdc:Bounds height="80.0" width="115.0" x="170.0" y="215.0"/>
            <bpmndi:BPMNLabel labelStyle="sid-0f04b90c-4a06-4891-b757-ce2ca8241acc">
               <omgdc:Bounds height="24.0" width="53.22857666015625" x="200.88571166992188" y="241.0"/>
            </bpmndi:BPMNLabel>
         </bpmndi:BPMNShape>
         <bpmndi:BPMNShape bpmnElement="sid-24563264-9E7F-4065-B18B-5776AD22039E" id="sid-24563264-9E7F-4065-B18B-5776AD22039E_gui">
            <omgdc:Bounds height="40.0" width="40.0" x="385.0" y="130.0"/>
            <bpmndi:BPMNLabel labelStyle="sid-038711a7-dfda-4c6d-9c10-d16721eda473">
               <omgdc:Bounds height="12.0" width="64.80000305175781" x="415.5" y="160.5"/>
            </bpmndi:BPMNLabel>
         </bpmndi:BPMNShape>
         <bpmndi:BPMNShape bpmnElement="sid-B59AF1B4-7355-4FE3-A094-5C0CED212F3B" id="sid-B59AF1B4-7355-4FE3-A094-5C0CED212F3B_gui">
            <omgdc:Bounds height="40.0" width="40.0" x="385.0" y="340.0"/>
            <bpmndi:BPMNLabel labelStyle="sid-038711a7-dfda-4c6d-9c10-d16721eda473">
               <omgdc:Bounds height="12.0" width="64.80000305175781" x="425.5999984741211" y="368.0"/>
            </bpmndi:BPMNLabel>
         </bpmndi:BPMNShape>
         <bpmndi:BPMNShape bpmnElement="sid-A7550E5C-AEA1-4E61-8982-3762D9DF1884" id="sid-A7550E5C-AEA1-4E61-8982-3762D9DF1884_gui">
            <omgdc:Bounds height="80.0" width="115.0" x="495.0" y="45.0"/>
            <bpmndi:BPMNLabel labelStyle="sid-0f04b90c-4a06-4891-b757-ce2ca8241acc">
               <omgdc:Bounds height="24.0" width="53.22857666015625" x="525.8857116699219" y="71.0"/>
            </bpmndi:BPMNLabel>
         </bpmndi:BPMNShape>
         <bpmndi:BPMNShape bpmnElement="sid-BADD45D9-BF98-4E2A-B984-7A0FF87492CA" id="sid-BADD45D9-BF98-4E2A-B984-7A0FF87492CA_gui">
            <omgdc:Bounds height="80.0" width="115.0" x="495.0" y="165.0"/>
            <bpmndi:BPMNLabel labelStyle="sid-0f04b90c-4a06-4891-b757-ce2ca8241acc">
               <omgdc:Bounds height="24.0" width="53.22857666015625" x="525.8857116699219" y="191.0"/>
            </bpmndi:BPMNLabel>
         </bpmndi:BPMNShape>
         <bpmndi:BPMNShape bpmnElement="sid-329C24B6-96D5-4D20-BD84-7966B611275D" id="sid-329C24B6-96D5-4D20-BD84-7966B611275D_gui">
            <omgdc:Bounds height="80.0" width="115.0" x="495.0" y="270.0"/>
            <bpmndi:BPMNLabel labelStyle="sid-0f04b90c-4a06-4891-b757-ce2ca8241acc">
               <omgdc:Bounds height="24.0" width="53.22857666015625" x="525.8857116699219" y="296.0"/>
            </bpmndi:BPMNLabel>
         </bpmndi:BPMNShape>
         <bpmndi:BPMNShape bpmnElement="sid-E4AEF289-0366-4031-93F9-E6D761096E18" id="sid-E4AEF289-0366-4031-93F9-E6D761096E18_gui">
            <omgdc:Bounds height="80.0" width="115.0" x="495.0" y="395.0"/>
            <bpmndi:BPMNLabel labelStyle="sid-0f04b90c-4a06-4891-b757-ce2ca8241acc">
               <omgdc:Bounds height="24.0" width="53.22857666015625" x="525.8857116699219" y="421.0"/>
            </bpmndi:BPMNLabel>
         </bpmndi:BPMNShape>
         <bpmndi:BPMNShape bpmnElement="sid-701DAC9B-E4DE-408B-8095-2921EAEFBD3E" id="sid-701DAC9B-E4DE-408B-8095-2921EAEFBD3E_gui">
            <omgdc:Bounds height="40.0" width="40.0" x="640.0" y="130.0"/>
            <bpmndi:BPMNLabel labelStyle="sid-038711a7-dfda-4c6d-9c10-d16721eda473">
               <omgdc:Bounds height="12.0" width="64.80000305175781" x="568.1999969482422" y="142.0"/>
            </bpmndi:BPMNLabel>
         </bpmndi:BPMNShape>
         <bpmndi:BPMNShape bpmnElement="sid-0D616434-9CFA-441A-968E-D4CE81CBEDF4" id="sid-0D616434-9CFA-441A-968E-D4CE81CBEDF4_gui">
            <omgdc:Bounds height="40.0" width="40.0" x="640.0" y="340.0"/>
            <bpmndi:BPMNLabel labelStyle="sid-038711a7-dfda-4c6d-9c10-d16721eda473">
               <omgdc:Bounds height="12.0" width="64.80000305175781" x="575.5999984741211" y="365.0"/>
            </bpmndi:BPMNLabel>
         </bpmndi:BPMNShape>
         <bpmndi:BPMNShape bpmnElement="sid-600B1087-C07A-45F4-947C-B9B710D869F9" id="sid-600B1087-C07A-45F4-947C-B9B710D869F9_gui">
            <omgdc:Bounds height="28.0" width="28.0" x="745.0" y="136.0"/>
            <bpmndi:BPMNLabel labelStyle="sid-038711a7-dfda-4c6d-9c10-d16721eda473">
               <omgdc:Bounds height="11.0" width="65.05714416503906" x="726.4714279174805" y="166.0"/>
            </bpmndi:BPMNLabel>
         </bpmndi:BPMNShape>
         <bpmndi:BPMNShape bpmnElement="sid-4C3A8AE5-C1D8-4C78-BEBD-261C283C911B" id="sid-4C3A8AE5-C1D8-4C78-BEBD-261C283C911B_gui">
            <omgdc:Bounds height="28.0" width="28.0" x="745.0" y="346.0"/>
            <bpmndi:BPMNLabel labelStyle="sid-038711a7-dfda-4c6d-9c10-d16721eda473">
               <omgdc:Bounds height="11.0" width="65.05714416503906" x="726.4714279174805" y="376.0"/>
            </bpmndi:BPMNLabel>
         </bpmndi:BPMNShape>
         <bpmndi:BPMNEdge bpmnElement="sid-4090699D-3240-4483-8A07-45DC488A23A6" id="sid-4090699D-3240-4483-8A07-45DC488A23A6_gui">
            <omgdi:waypoint x="125.0" y="255.0"/>
            <omgdi:waypoint x="170.0" y="255.0"/>
         </bpmndi:BPMNEdge>
         <bpmndi:BPMNEdge bpmnElement="sid-AF05EA24-440D-496F-B7AE-F85664501E97" id="sid-AF05EA24-440D-496F-B7AE-F85664501E97_gui">
            <omgdi:waypoint x="405.5" y="130.0"/>
            <omgdi:waypoint x="405.5" y="85.0"/>
            <omgdi:waypoint x="495.0" y="85.0"/>
         </bpmndi:BPMNEdge>
         <bpmndi:BPMNEdge bpmnElement="sid-FAF68895-EE74-46B0-8E04-87E7AEDAE0F6" id="sid-FAF68895-EE74-46B0-8E04-87E7AEDAE0F6_gui">
            <omgdi:waypoint x="405.5" y="170.0"/>
            <omgdi:waypoint x="405.5" y="205.0"/>
            <omgdi:waypoint x="495.0" y="205.0"/>
         </bpmndi:BPMNEdge>
         <bpmndi:BPMNEdge bpmnElement="sid-B8C72487-EDAF-4B3C-8519-B4E21724C47D" id="sid-B8C72487-EDAF-4B3C-8519-B4E21724C47D_gui">
            <omgdi:waypoint x="405.5" y="340.0"/>
            <omgdi:waypoint x="405.5" y="310.0"/>
            <omgdi:waypoint x="495.0" y="310.0"/>
         </bpmndi:BPMNEdge>
         <bpmndi:BPMNEdge bpmnElement="sid-FF8F1720-6568-4529-9741-5D79951B7C74" id="sid-FF8F1720-6568-4529-9741-5D79951B7C74_gui">
            <omgdi:waypoint x="405.5" y="380.0"/>
            <omgdi:waypoint x="405.5" y="435.0"/>
            <omgdi:waypoint x="495.0" y="435.0"/>
         </bpmndi:BPMNEdge>
         <bpmndi:BPMNEdge bpmnElement="sid-71893225-3BD9-4C64-B907-3FB83C50BDAA" id="sid-71893225-3BD9-4C64-B907-3FB83C50BDAA_gui">
            <omgdi:waypoint x="610.0" y="85.0"/>
            <omgdi:waypoint x="660.5" y="85.0"/>
            <omgdi:waypoint x="660.5" y="130.0"/>
         </bpmndi:BPMNEdge>
         <bpmndi:BPMNEdge bpmnElement="sid-9E3F2271-76F5-4FA6-8F7F-86CF29A80D0E" id="sid-9E3F2271-76F5-4FA6-8F7F-86CF29A80D0E_gui">
            <omgdi:waypoint x="610.0" y="205.0"/>
            <omgdi:waypoint x="660.5" y="205.0"/>
            <omgdi:waypoint x="660.5" y="170.0"/>
         </bpmndi:BPMNEdge>
         <bpmndi:BPMNEdge bpmnElement="sid-0FC241EF-84F3-4B8F-849F-50DCC17C2881" id="sid-0FC241EF-84F3-4B8F-849F-50DCC17C2881_gui">
            <omgdi:waypoint x="610.0" y="310.0"/>
            <omgdi:waypoint x="660.5" y="310.0"/>
            <omgdi:waypoint x="660.5" y="340.0"/>
         </bpmndi:BPMNEdge>
         <bpmndi:BPMNEdge bpmnElement="sid-21D5A053-8CFB-48B5-AFD3-9A9E36ED02EC" id="sid-21D5A053-8CFB-48B5-AFD3-9A9E36ED02EC_gui">
            <omgdi:waypoint x="610.0" y="435.0"/>
            <omgdi:waypoint x="660.5" y="435.0"/>
            <omgdi:waypoint x="660.5" y="380.0"/>
         </bpmndi:BPMNEdge>
         <bpmndi:BPMNEdge bpmnElement="sid-E79C5430-4131-40A7-847E-F4DD2A622247" id="sid-E79C5430-4131-40A7-847E-F4DD2A622247_gui">
            <omgdi:waypoint x="285.0" y="275.0"/>
            <omgdi:waypoint x="325.0" y="275.0"/>
            <omgdi:waypoint x="325.0" y="360.5"/>
            <omgdi:waypoint x="385.0" y="360.5"/>
         </bpmndi:BPMNEdge>
         <bpmndi:BPMNEdge bpmnElement="sid-99BC3CBA-D824-4B1A-9279-C171A6F69C53" id="sid-99BC3CBA-D824-4B1A-9279-C171A6F69C53_gui">
            <omgdi:waypoint x="285.0" y="235.0"/>
            <omgdi:waypoint x="325.0" y="235.0"/>
            <omgdi:waypoint x="325.0" y="150.5"/>
            <omgdi:waypoint x="385.0" y="150.5"/>
         </bpmndi:BPMNEdge>
         <bpmndi:BPMNEdge bpmnElement="sid-83CD193B-9CDE-42DB-BA0C-122DB2EA5B54" id="sid-83CD193B-9CDE-42DB-BA0C-122DB2EA5B54_gui">
            <omgdi:waypoint x="680.0" y="150.4010152284264"/>
            <omgdi:waypoint x="745.0" y="150.0710659898477"/>
         </bpmndi:BPMNEdge>
         <bpmndi:BPMNEdge bpmnElement="sid-18849069-B5B1-4F0D-A3A1-98FE3DBE1F66" id="sid-18849069-B5B1-4F0D-A3A1-98FE3DBE1F66_gui">
            <omgdi:waypoint x="680.0" y="360.4010152284264"/>
            <omgdi:waypoint x="745.0" y="360.07106598984774"/>
         </bpmndi:BPMNEdge>
      </bpmndi:BPMNPlane>
      <bpmndi:BPMNLabelStyle id="sid-038711a7-dfda-4c6d-9c10-d16721eda473">
         <omgdc:Font isBold="false" isItalic="false" isStrikeThrough="false" isUnderline="false" name="Arial" size="11.0"/>
      </bpmndi:BPMNLabelStyle>
      <bpmndi:BPMNLabelStyle id="sid-0f04b90c-4a06-4891-b757-ce2ca8241acc">
         <omgdc:Font isBold="false" isItalic="false" isStrikeThrough="false" isUnderline="false" name="Arial" size="12.0"/>
      </bpmndi:BPMNLabelStyle>
   </bpmndi:BPMNDiagram>
</definitions>
