<?xml version="1.0" encoding="UTF-8"?>
<definitions xmlns="http://www.omg.org/spec/BPMN/20100524/MODEL" xmlns:bpmndi="http://www.omg.org/spec/BPMN/20100524/DI" xmlns:omgdc="http://www.omg.org/spec/DD/20100524/DC" xmlns:omgdi="http://www.omg.org/spec/DD/20100524/DI" xmlns:signavio="http://www.signavio.com" xmlns:xsi="http://www.w3.org/2001/XMLSchema-instance" exporter="Signavio Process Editor, http://www.signavio.com" exporterVersion="10.11.0" expressionLanguage="http://www.w3.org/TR/XPath" id="sid-12360ca1-c457-4de1-af7c-108f244b7736" targetNamespace="http://www.signavio.com" typeLanguage="http://www.w3.org/2001/XMLSchema" xsi:schemaLocation="http://www.omg.org/spec/BPMN/20100524/MODEL http://www.omg.org/spec/BPMN/2.0/20100501/BPMN20.xsd">
   <process id="ParallelR1R3_1.2.2" isClosed="false" isExecutable="true" processType="None">
      <extensionElements>
         <signavio:signavioDiagramMetaData metaKey="revisionid" metaValue="07fdfd39be0b484e9f0f738f8aac9f33"/>
      </extensionElements>
      <startEvent id="sid-B614AE31-B0BF-4631-A2A5-2EE76511CF77" name="1.2.2. Start">
         <extensionElements>
            <signavio:signavioMetaData metaKey="bgcolor" metaValue="#ffffff"/>
            <signavio:signavioMetaData metaKey="preceedingprocesses" metaValue="[]"/>
         </extensionElements>
         <outgoing>sid-4090699D-3240-4483-8A07-45DC488A23A6</outgoing>
      </startEvent>
      <scriptTask completionQuantity="1" id="sid-FA7457AC-E2D8-4F22-A4A6-237F4A333857" isForCompensation="false" name="Empty ST &#10;1.2.2.1" scriptFormat="groovy" startQuantity="1">
         <extensionElements>
            <signavio:signavioMetaData metaKey="bgcolor" metaValue="#ffffcc"/>
            <signavio:signavioMetaData metaKey="risklevel" metaValue=""/>
            <signavio:signavioMetaData metaKey="externaldocuments" metaValue="[]"/>
         </extensionElements>
         <incoming>sid-4090699D-3240-4483-8A07-45DC488A23A6</incoming>
         <outgoing>sid-85D9D417-38FC-44C9-8346-9A15766CB129</outgoing>
         <script/>
      </scriptTask>
      <scriptTask completionQuantity="1" id="sid-A7550E5C-AEA1-4E61-8982-3762D9DF1884" isForCompensation="false" name="Empty ST &#10;1.2.2.2" scriptFormat="groovy" startQuantity="1">
         <extensionElements>
            <signavio:signavioMetaData metaKey="bgcolor" metaValue="#ffffcc"/>
            <signavio:signavioMetaData metaKey="risklevel" metaValue=""/>
            <signavio:signavioMetaData metaKey="externaldocuments" metaValue="[]"/>
         </extensionElements>
         <incoming>sid-AF05EA24-440D-496F-B7AE-F85664501E97</incoming>
         <outgoing>sid-8F009580-4F53-4A56-8D2F-E09BFC5B3DA5</outgoing>
         <script/>
      </scriptTask>
      <scriptTask completionQuantity="1" id="sid-BADD45D9-BF98-4E2A-B984-7A0FF87492CA" isForCompensation="false" name="Empty ST &#10;1.2.2.3" scriptFormat="groovy" startQuantity="1">
         <extensionElements>
            <signavio:signavioMetaData metaKey="bgcolor" metaValue="#ffffcc"/>
            <signavio:signavioMetaData metaKey="risklevel" metaValue=""/>
            <signavio:signavioMetaData metaKey="externaldocuments" metaValue="[]"/>
         </extensionElements>
         <incoming>sid-FAF68895-EE74-46B0-8E04-87E7AEDAE0F6</incoming>
         <outgoing>sid-85D6CB8C-6456-4371-985B-A5AE887F0A3B</outgoing>
         <script/>
      </scriptTask>
      <scriptTask completionQuantity="1" id="sid-329C24B6-96D5-4D20-BD84-7966B611275D" isForCompensation="false" name="Empty ST &#10;1.2.2.4" scriptFormat="groovy" startQuantity="1">
         <extensionElements>
            <signavio:signavioMetaData metaKey="bgcolor" metaValue="#ffffcc"/>
            <signavio:signavioMetaData metaKey="risklevel" metaValue=""/>
            <signavio:signavioMetaData metaKey="externaldocuments" metaValue="[]"/>
         </extensionElements>
         <incoming>sid-B8C72487-EDAF-4B3C-8519-B4E21724C47D</incoming>
         <outgoing>sid-41BFCCBE-B450-4594-96DD-0879F76F8E84</outgoing>
         <script/>
      </scriptTask>
      <scriptTask completionQuantity="1" id="sid-E4AEF289-0366-4031-93F9-E6D761096E18" isForCompensation="false" name="Empty ST &#10;1.2.2.5" scriptFormat="groovy" startQuantity="1">
         <extensionElements>
            <signavio:signavioMetaData metaKey="bgcolor" metaValue="#ffffcc"/>
            <signavio:signavioMetaData metaKey="risklevel" metaValue=""/>
            <signavio:signavioMetaData metaKey="externaldocuments" metaValue="[]"/>
         </extensionElements>
         <incoming>sid-FF8F1720-6568-4529-9741-5D79951B7C74</incoming>
         <outgoing>sid-7A68310E-DB1F-4CE9-9442-F6E09D70A883</outgoing>
         <script/>
      </scriptTask>
      <endEvent id="sid-79F7597A-8FF3-45B7-9AFA-610309EFE864" name="1.2.2 End">
         <extensionElements>
            <signavio:signavioMetaData metaKey="bgcolor" metaValue="#ffffff"/>
            <signavio:signavioMetaData metaKey="followingprocesses" metaValue="[]"/>
         </extensionElements>
         <incoming>sid-28E8845F-7776-4337-80CF-8BB7E7DC87AC</incoming>
      </endEvent>
      <inclusiveGateway gatewayDirection="Diverging" id="sid-E932D062-4FDE-49B1-B932-9A712FE5DA4B" name="IG 1.2.2.1">
         <extensionElements>
            <signavio:signavioMetaData metaKey="bgcolor" metaValue="#ffffff"/>
         </extensionElements>
         <incoming>sid-85D9D417-38FC-44C9-8346-9A15766CB129</incoming>
         <outgoing>sid-3CCDCE4B-00CE-4E2E-9C92-F696FC047AA0</outgoing>
         <outgoing>sid-0656D0F7-CF59-4B54-B3D6-C1B4CE4422E0</outgoing>
      </inclusiveGateway>
      <inclusiveGateway gatewayDirection="Diverging" id="sid-24563264-9E7F-4065-B18B-5776AD22039E" name="IG 1.2.2.2">
         <extensionElements>
            <signavio:signavioMetaData metaKey="bgcolor" metaValue="#ffffff"/>
         </extensionElements>
         <incoming>sid-3CCDCE4B-00CE-4E2E-9C92-F696FC047AA0</incoming>
         <outgoing>sid-AF05EA24-440D-496F-B7AE-F85664501E97</outgoing>
         <outgoing>sid-FAF68895-EE74-46B0-8E04-87E7AEDAE0F6</outgoing>
      </inclusiveGateway>
      <inclusiveGateway gatewayDirection="Diverging" id="sid-B59AF1B4-7355-4FE3-A094-5C0CED212F3B" name="IG 1.2.2.3">
         <extensionElements>
            <signavio:signavioMetaData metaKey="bgcolor" metaValue="#ffffff"/>
         </extensionElements>
         <incoming>sid-0656D0F7-CF59-4B54-B3D6-C1B4CE4422E0</incoming>
         <outgoing>sid-B8C72487-EDAF-4B3C-8519-B4E21724C47D</outgoing>
         <outgoing>sid-FF8F1720-6568-4529-9741-5D79951B7C74</outgoing>
      </inclusiveGateway>
      <inclusiveGateway gatewayDirection="Converging" id="sid-9BA30C52-D366-4F5E-A437-7E314466199C" name="IG 1.2.2.4">
         <extensionElements>
            <signavio:signavioMetaData metaKey="bgcolor" metaValue="#ffffff"/>
            <signavio:signavioLabel align="right" bottom="false" left="true" ref="text_name" right="false" top="false" valign="middle" x="-5.0" y="20.0"/>
         </extensionElements>
         <incoming>sid-8F009580-4F53-4A56-8D2F-E09BFC5B3DA5</incoming>
         <incoming>sid-7A68310E-DB1F-4CE9-9442-F6E09D70A883</incoming>
         <incoming>sid-41BFCCBE-B450-4594-96DD-0879F76F8E84</incoming>
         <incoming>sid-85D6CB8C-6456-4371-985B-A5AE887F0A3B</incoming>
         <outgoing>sid-28E8845F-7776-4337-80CF-8BB7E7DC87AC</outgoing>
      </inclusiveGateway>
      <sequenceFlow id="sid-4090699D-3240-4483-8A07-45DC488A23A6" name="" sourceRef="sid-B614AE31-B0BF-4631-A2A5-2EE76511CF77" targetRef="sid-FA7457AC-E2D8-4F22-A4A6-237F4A333857"/>
      <sequenceFlow id="sid-28E8845F-7776-4337-80CF-8BB7E7DC87AC" name="" sourceRef="sid-9BA30C52-D366-4F5E-A437-7E314466199C" targetRef="sid-79F7597A-8FF3-45B7-9AFA-610309EFE864"/>
      <sequenceFlow id="sid-8F009580-4F53-4A56-8D2F-E09BFC5B3DA5" name="" sourceRef="sid-A7550E5C-AEA1-4E61-8982-3762D9DF1884" targetRef="sid-9BA30C52-D366-4F5E-A437-7E314466199C"/>
      <sequenceFlow id="sid-7A68310E-DB1F-4CE9-9442-F6E09D70A883" name="" sourceRef="sid-E4AEF289-0366-4031-93F9-E6D761096E18" targetRef="sid-9BA30C52-D366-4F5E-A437-7E314466199C"/>
      <sequenceFlow id="sid-41BFCCBE-B450-4594-96DD-0879F76F8E84" name="" sourceRef="sid-329C24B6-96D5-4D20-BD84-7966B611275D" targetRef="sid-9BA30C52-D366-4F5E-A437-7E314466199C"/>
      <sequenceFlow id="sid-85D6CB8C-6456-4371-985B-A5AE887F0A3B" name="" sourceRef="sid-BADD45D9-BF98-4E2A-B984-7A0FF87492CA" targetRef="sid-9BA30C52-D366-4F5E-A437-7E314466199C"/>
      <sequenceFlow id="sid-85D9D417-38FC-44C9-8346-9A15766CB129" name="" sourceRef="sid-FA7457AC-E2D8-4F22-A4A6-237F4A333857" targetRef="sid-E932D062-4FDE-49B1-B932-9A712FE5DA4B"/>
      <sequenceFlow id="sid-3CCDCE4B-00CE-4E2E-9C92-F696FC047AA0" name="" sourceRef="sid-E932D062-4FDE-49B1-B932-9A712FE5DA4B" targetRef="sid-24563264-9E7F-4065-B18B-5776AD22039E">
         <conditionExpression id="sid-dd299a42-4206-47ce-aa61-493bfb92ea7f" xsi:type="tFormalExpression">1==1</conditionExpression>
      </sequenceFlow>
      <sequenceFlow id="sid-0656D0F7-CF59-4B54-B3D6-C1B4CE4422E0" name="" sourceRef="sid-E932D062-4FDE-49B1-B932-9A712FE5DA4B" targetRef="sid-B59AF1B4-7355-4FE3-A094-5C0CED212F3B">
         <conditionExpression id="sid-bbe4c799-58a5-4a1c-b164-fa4502f30077" xsi:type="tFormalExpression">1==1</conditionExpression>
      </sequenceFlow>
      <sequenceFlow id="sid-AF05EA24-440D-496F-B7AE-F85664501E97" name="" sourceRef="sid-24563264-9E7F-4065-B18B-5776AD22039E" targetRef="sid-A7550E5C-AEA1-4E61-8982-3762D9DF1884">
         <conditionExpression id="sid-cb2847e4-19f4-4ace-8c99-4932cbf8ee0d" xsi:type="tFormalExpression">1==1</conditionExpression>
      </sequenceFlow>
      <sequenceFlow id="sid-FAF68895-EE74-46B0-8E04-87E7AEDAE0F6" name="" sourceRef="sid-24563264-9E7F-4065-B18B-5776AD22039E" targetRef="sid-BADD45D9-BF98-4E2A-B984-7A0FF87492CA">
         <conditionExpression id="sid-e844bc49-97eb-4bb7-b4c9-72887a41c178" xsi:type="tFormalExpression">1==1</conditionExpression>
      </sequenceFlow>
      <sequenceFlow id="sid-B8C72487-EDAF-4B3C-8519-B4E21724C47D" name="" sourceRef="sid-B59AF1B4-7355-4FE3-A094-5C0CED212F3B" targetRef="sid-329C24B6-96D5-4D20-BD84-7966B611275D">
         <conditionExpression id="sid-fefc1fc1-92e9-4639-b0a7-04100de2390f" xsi:type="tFormalExpression">1==1</conditionExpression>
      </sequenceFlow>
      <sequenceFlow id="sid-FF8F1720-6568-4529-9741-5D79951B7C74" name="" sourceRef="sid-B59AF1B4-7355-4FE3-A094-5C0CED212F3B" targetRef="sid-E4AEF289-0366-4031-93F9-E6D761096E18">
         <conditionExpression id="sid-e9d1e298-665c-44d2-8031-a5e6ff0fe568" xsi:type="tFormalExpression">1==1</conditionExpression>
      </sequenceFlow>
   </process>
   <bpmndi:BPMNDiagram id="sid-3e25effd-a484-4ea9-8064-a932b5db2a05">
      <bpmndi:BPMNPlane bpmnElement="ParallelR1R3_1.2.2" id="sid-90fabe88-cdd1-4d7d-8b99-dfb6006eb046">
         <bpmndi:BPMNShape bpmnElement="sid-B614AE31-B0BF-4631-A2A5-2EE76511CF77" id="sid-B614AE31-B0BF-4631-A2A5-2EE76511CF77_gui">
            <omgdc:Bounds height="30.0" width="30.0" x="75.0" y="240.0"/>
            <bpmndi:BPMNLabel labelStyle="sid-45af3b13-5248-4228-bb88-03dcb9538261">
               <omgdc:Bounds height="11.0" width="58.69285583496094" x="60.65357208251953" y="272.0"/>
            </bpmndi:BPMNLabel>
         </bpmndi:BPMNShape>
         <bpmndi:BPMNShape bpmnElement="sid-FA7457AC-E2D8-4F22-A4A6-237F4A333857" id="sid-FA7457AC-E2D8-4F22-A4A6-237F4A333857_gui">
            <omgdc:Bounds height="80.0" width="100.0" x="150.0" y="215.0"/>
            <bpmndi:BPMNLabel labelStyle="sid-1aab4f50-7ed4-442d-b78f-813238f7976a">
               <omgdc:Bounds height="24.0" width="53.22857666015625" x="173.38571166992188" y="241.0"/>
            </bpmndi:BPMNLabel>
         </bpmndi:BPMNShape>
         <bpmndi:BPMNShape bpmnElement="sid-A7550E5C-AEA1-4E61-8982-3762D9DF1884" id="sid-A7550E5C-AEA1-4E61-8982-3762D9DF1884_gui">
            <omgdc:Bounds height="80.0" width="100.0" x="495.0" y="45.0"/>
            <bpmndi:BPMNLabel labelStyle="sid-1aab4f50-7ed4-442d-b78f-813238f7976a">
               <omgdc:Bounds height="24.0" width="53.22857666015625" x="518.3857116699219" y="71.0"/>
            </bpmndi:BPMNLabel>
         </bpmndi:BPMNShape>
         <bpmndi:BPMNShape bpmnElement="sid-BADD45D9-BF98-4E2A-B984-7A0FF87492CA" id="sid-BADD45D9-BF98-4E2A-B984-7A0FF87492CA_gui">
            <omgdc:Bounds height="80.0" width="100.0" x="495.0" y="165.0"/>
            <bpmndi:BPMNLabel labelStyle="sid-1aab4f50-7ed4-442d-b78f-813238f7976a">
               <omgdc:Bounds height="24.0" width="53.22857666015625" x="518.3857116699219" y="191.0"/>
            </bpmndi:BPMNLabel>
         </bpmndi:BPMNShape>
         <bpmndi:BPMNShape bpmnElement="sid-329C24B6-96D5-4D20-BD84-7966B611275D" id="sid-329C24B6-96D5-4D20-BD84-7966B611275D_gui">
            <omgdc:Bounds height="80.0" width="100.0" x="495.0" y="270.0"/>
            <bpmndi:BPMNLabel labelStyle="sid-1aab4f50-7ed4-442d-b78f-813238f7976a">
               <omgdc:Bounds height="24.0" width="53.22857666015625" x="518.3857116699219" y="296.0"/>
            </bpmndi:BPMNLabel>
         </bpmndi:BPMNShape>
         <bpmndi:BPMNShape bpmnElement="sid-E4AEF289-0366-4031-93F9-E6D761096E18" id="sid-E4AEF289-0366-4031-93F9-E6D761096E18_gui">
            <omgdc:Bounds height="80.0" width="100.0" x="495.0" y="395.0"/>
            <bpmndi:BPMNLabel labelStyle="sid-1aab4f50-7ed4-442d-b78f-813238f7976a">
               <omgdc:Bounds height="24.0" width="53.22857666015625" x="518.3857116699219" y="421.0"/>
            </bpmndi:BPMNLabel>
         </bpmndi:BPMNShape>
         <bpmndi:BPMNShape bpmnElement="sid-79F7597A-8FF3-45B7-9AFA-610309EFE864" id="sid-79F7597A-8FF3-45B7-9AFA-610309EFE864_gui">
            <omgdc:Bounds height="28.0" width="28.0" x="840.0" y="241.0"/>
            <bpmndi:BPMNLabel labelStyle="sid-45af3b13-5248-4228-bb88-03dcb9538261">
               <omgdc:Bounds height="11.0" width="48.7928581237793" x="829.6035709381104" y="271.0"/>
            </bpmndi:BPMNLabel>
         </bpmndi:BPMNShape>
         <bpmndi:BPMNShape bpmnElement="sid-E932D062-4FDE-49B1-B932-9A712FE5DA4B" id="sid-E932D062-4FDE-49B1-B932-9A712FE5DA4B_gui">
            <omgdc:Bounds height="40.0" width="40.0" x="295.0" y="235.0"/>
            <bpmndi:BPMNLabel labelStyle="sid-45af3b13-5248-4228-bb88-03dcb9538261">
               <omgdc:Bounds height="12.0" width="55.54286193847656" x="325.5" y="265.5"/>
            </bpmndi:BPMNLabel>
         </bpmndi:BPMNShape>
         <bpmndi:BPMNShape bpmnElement="sid-24563264-9E7F-4065-B18B-5776AD22039E" id="sid-24563264-9E7F-4065-B18B-5776AD22039E_gui">
            <omgdc:Bounds height="40.0" width="40.0" x="385.0" y="130.0"/>
            <bpmndi:BPMNLabel labelStyle="sid-45af3b13-5248-4228-bb88-03dcb9538261">
               <omgdc:Bounds height="12.0" width="55.54286193847656" x="415.5" y="160.5"/>
            </bpmndi:BPMNLabel>
         </bpmndi:BPMNShape>
         <bpmndi:BPMNShape bpmnElement="sid-B59AF1B4-7355-4FE3-A094-5C0CED212F3B" id="sid-B59AF1B4-7355-4FE3-A094-5C0CED212F3B_gui">
            <omgdc:Bounds height="40.0" width="40.0" x="385.0" y="340.0"/>
            <bpmndi:BPMNLabel labelStyle="sid-45af3b13-5248-4228-bb88-03dcb9538261">
               <omgdc:Bounds height="12.0" width="55.54286193847656" x="415.5" y="370.5"/>
            </bpmndi:BPMNLabel>
         </bpmndi:BPMNShape>
         <bpmndi:BPMNShape bpmnElement="sid-9BA30C52-D366-4F5E-A437-7E314466199C" id="sid-9BA30C52-D366-4F5E-A437-7E314466199C_gui">
            <omgdc:Bounds height="40.0" width="40.0" x="755.0" y="235.0"/>
            <bpmndi:BPMNLabel labelStyle="sid-45af3b13-5248-4228-bb88-03dcb9538261">
               <omgdc:Bounds height="12.0" width="55.5428581237793" x="694.4571418762207" y="247.0"/>
            </bpmndi:BPMNLabel>
         </bpmndi:BPMNShape>
         <bpmndi:BPMNEdge bpmnElement="sid-4090699D-3240-4483-8A07-45DC488A23A6" id="sid-4090699D-3240-4483-8A07-45DC488A23A6_gui">
            <omgdi:waypoint x="105.0" y="255.0"/>
            <omgdi:waypoint x="150.0" y="255.0"/>
         </bpmndi:BPMNEdge>
         <bpmndi:BPMNEdge bpmnElement="sid-28E8845F-7776-4337-80CF-8BB7E7DC87AC" id="sid-28E8845F-7776-4337-80CF-8BB7E7DC87AC_gui">
            <omgdi:waypoint x="795.0" y="255.37579617834396"/>
            <omgdi:waypoint x="840.0" y="255.0891719745223"/>
         </bpmndi:BPMNEdge>
         <bpmndi:BPMNEdge bpmnElement="sid-8F009580-4F53-4A56-8D2F-E09BFC5B3DA5" id="sid-8F009580-4F53-4A56-8D2F-E09BFC5B3DA5_gui">
            <omgdi:waypoint x="595.0" y="85.0"/>
            <omgdi:waypoint x="775.5" y="85.0"/>
            <omgdi:waypoint x="775.5" y="235.0"/>
         </bpmndi:BPMNEdge>
         <bpmndi:BPMNEdge bpmnElement="sid-7A68310E-DB1F-4CE9-9442-F6E09D70A883" id="sid-7A68310E-DB1F-4CE9-9442-F6E09D70A883_gui">
            <omgdi:waypoint x="595.0" y="435.0"/>
            <omgdi:waypoint x="775.5" y="435.0"/>
            <omgdi:waypoint x="775.5" y="275.0"/>
         </bpmndi:BPMNEdge>
         <bpmndi:BPMNEdge bpmnElement="sid-41BFCCBE-B450-4594-96DD-0879F76F8E84" id="sid-41BFCCBE-B450-4594-96DD-0879F76F8E84_gui">
            <omgdi:waypoint x="595.0" y="310.0"/>
            <omgdi:waypoint x="763.0" y="310.0"/>
            <omgdi:waypoint x="763.0" y="275.0"/>
         </bpmndi:BPMNEdge>
         <bpmndi:BPMNEdge bpmnElement="sid-85D6CB8C-6456-4371-985B-A5AE887F0A3B" id="sid-85D6CB8C-6456-4371-985B-A5AE887F0A3B_gui">
            <omgdi:waypoint x="595.0" y="205.0"/>
            <omgdi:waypoint x="763.0" y="205.0"/>
            <omgdi:waypoint x="763.0" y="235.0"/>
         </bpmndi:BPMNEdge>
         <bpmndi:BPMNEdge bpmnElement="sid-85D9D417-38FC-44C9-8346-9A15766CB129" id="sid-85D9D417-38FC-44C9-8346-9A15766CB129_gui">
            <omgdi:waypoint x="250.0" y="255.21645021645023"/>
            <omgdi:waypoint x="295.0" y="255.4112554112554"/>
         </bpmndi:BPMNEdge>
         <bpmndi:BPMNEdge bpmnElement="sid-3CCDCE4B-00CE-4E2E-9C92-F696FC047AA0" id="sid-3CCDCE4B-00CE-4E2E-9C92-F696FC047AA0_gui">
            <omgdi:waypoint x="315.5" y="235.0"/>
            <omgdi:waypoint x="315.5" y="150.5"/>
            <omgdi:waypoint x="385.0" y="150.5"/>
         </bpmndi:BPMNEdge>
         <bpmndi:BPMNEdge bpmnElement="sid-0656D0F7-CF59-4B54-B3D6-C1B4CE4422E0" id="sid-0656D0F7-CF59-4B54-B3D6-C1B4CE4422E0_gui">
            <omgdi:waypoint x="315.5" y="275.0"/>
            <omgdi:waypoint x="315.5" y="360.5"/>
            <omgdi:waypoint x="385.0" y="360.5"/>
         </bpmndi:BPMNEdge>
         <bpmndi:BPMNEdge bpmnElement="sid-AF05EA24-440D-496F-B7AE-F85664501E97" id="sid-AF05EA24-440D-496F-B7AE-F85664501E97_gui">
            <omgdi:waypoint x="405.5" y="130.0"/>
            <omgdi:waypoint x="405.5" y="85.0"/>
            <omgdi:waypoint x="495.0" y="85.0"/>
         </bpmndi:BPMNEdge>
         <bpmndi:BPMNEdge bpmnElement="sid-FAF68895-EE74-46B0-8E04-87E7AEDAE0F6" id="sid-FAF68895-EE74-46B0-8E04-87E7AEDAE0F6_gui">
            <omgdi:waypoint x="405.5" y="170.0"/>
            <omgdi:waypoint x="405.5" y="205.0"/>
            <omgdi:waypoint x="495.0" y="205.0"/>
         </bpmndi:BPMNEdge>
         <bpmndi:BPMNEdge bpmnElement="sid-B8C72487-EDAF-4B3C-8519-B4E21724C47D" id="sid-B8C72487-EDAF-4B3C-8519-B4E21724C47D_gui">
            <omgdi:waypoint x="405.5" y="340.0"/>
            <omgdi:waypoint x="405.5" y="310.0"/>
            <omgdi:waypoint x="495.0" y="310.0"/>
         </bpmndi:BPMNEdge>
         <bpmndi:BPMNEdge bpmnElement="sid-FF8F1720-6568-4529-9741-5D79951B7C74" id="sid-FF8F1720-6568-4529-9741-5D79951B7C74_gui">
            <omgdi:waypoint x="405.5" y="380.0"/>
            <omgdi:waypoint x="405.5" y="435.0"/>
            <omgdi:waypoint x="495.0" y="435.0"/>
         </bpmndi:BPMNEdge>
      </bpmndi:BPMNPlane>
      <bpmndi:BPMNLabelStyle id="sid-45af3b13-5248-4228-bb88-03dcb9538261">
         <omgdc:Font isBold="false" isItalic="false" isStrikeThrough="false" isUnderline="false" name="Arial" size="11.0"/>
      </bpmndi:BPMNLabelStyle>
      <bpmndi:BPMNLabelStyle id="sid-1aab4f50-7ed4-442d-b78f-813238f7976a">
         <omgdc:Font isBold="false" isItalic="false" isStrikeThrough="false" isUnderline="false" name="Arial" size="12.0"/>
      </bpmndi:BPMNLabelStyle>
   </bpmndi:BPMNDiagram>
</definitions>
