<?xml version="1.0" encoding="UTF-8"?>
<definitions xmlns="http://www.omg.org/spec/BPMN/20100524/MODEL" xmlns:bpmndi="http://www.omg.org/spec/BPMN/20100524/DI" xmlns:omgdc="http://www.omg.org/spec/DD/20100524/DC" xmlns:omgdi="http://www.omg.org/spec/DD/20100524/DI" xmlns:signavio="http://www.signavio.com" xmlns:xsi="http://www.w3.org/2001/XMLSchema-instance" exporter="Signavio Process Editor, http://www.signavio.com" exporterVersion="10.11.0" expressionLanguage="http://www.w3.org/TR/XPath" id="sid-ae4c59e4-07db-4c3e-a4ea-55b817efecaf" targetNamespace="http://www.signavio.com" typeLanguage="http://www.w3.org/2001/XMLSchema" xsi:schemaLocation="http://www.omg.org/spec/BPMN/20100524/MODEL http://www.omg.org/spec/BPMN/2.0/20100501/BPMN20.xsd">
   <process id="ParallelR1R5_1.2.4" isClosed="false" isExecutable="true" processType="None">
      <extensionElements>
         <signavio:signavioDiagramMetaData metaKey="revisionid" metaValue="ecc78e96e6c74de480ba28c6c53b95d3"/>
      </extensionElements>
      <startEvent id="sid-B614AE31-B0BF-4631-A2A5-2EE76511CF77" name="1.2.4 Start">
         <extensionElements>
            <signavio:signavioMetaData metaKey="bgcolor" metaValue="#ffffff"/>
            <signavio:signavioMetaData metaKey="preceedingprocesses" metaValue="[]"/>
         </extensionElements>
         <outgoing>sid-4090699D-3240-4483-8A07-45DC488A23A6</outgoing>
      </startEvent>
      <scriptTask completionQuantity="1" id="sid-FA7457AC-E2D8-4F22-A4A6-237F4A333857" isForCompensation="false" name="Empty ST &#10;1.2.4.1" scriptFormat="groovy" startQuantity="1">
         <extensionElements>
            <signavio:signavioMetaData metaKey="bgcolor" metaValue="#ffffcc"/>
            <signavio:signavioMetaData metaKey="risklevel" metaValue=""/>
            <signavio:signavioMetaData metaKey="externaldocuments" metaValue="[]"/>
         </extensionElements>
         <incoming>sid-4090699D-3240-4483-8A07-45DC488A23A6</incoming>
         <outgoing>sid-7000BA52-F61F-46C8-B4D9-3A6A41A82EB5</outgoing>
         <script/>
      </scriptTask>
      <parallelGateway gatewayDirection="Diverging" id="sid-26CFC0AE-CCC7-4545-92E8-F88C6BA44C33" name="PG 1.2.4.1">
         <extensionElements>
            <signavio:signavioMetaData metaKey="bgcolor" metaValue="#ffffff"/>
            <signavio:signavioLabel bottom="false" left="false" ref="text_name" right="true" top="false" valign="middle" x="45.0" y="20.0"/>
         </extensionElements>
         <incoming>sid-7000BA52-F61F-46C8-B4D9-3A6A41A82EB5</incoming>
         <outgoing>sid-ABB5AD5D-859B-484A-A7E9-379A06C818A5</outgoing>
         <outgoing>sid-8682BD59-C4A9-4E48-81B1-1A859EA0E3A4</outgoing>
      </parallelGateway>
      <parallelGateway gatewayDirection="Diverging" id="sid-24563264-9E7F-4065-B18B-5776AD22039E" name="PG 1.2.4.2">
         <extensionElements>
            <signavio:signavioMetaData metaKey="bgcolor" metaValue="#ffffff"/>
         </extensionElements>
         <incoming>sid-ABB5AD5D-859B-484A-A7E9-379A06C818A5</incoming>
         <outgoing>sid-AF05EA24-440D-496F-B7AE-F85664501E97</outgoing>
         <outgoing>sid-FAF68895-EE74-46B0-8E04-87E7AEDAE0F6</outgoing>
      </parallelGateway>
      <parallelGateway gatewayDirection="Diverging" id="sid-B59AF1B4-7355-4FE3-A094-5C0CED212F3B" name="PG 1.2.4.3">
         <extensionElements>
            <signavio:signavioMetaData metaKey="bgcolor" metaValue="#ffffff"/>
         </extensionElements>
         <incoming>sid-8682BD59-C4A9-4E48-81B1-1A859EA0E3A4</incoming>
         <outgoing>sid-B8C72487-EDAF-4B3C-8519-B4E21724C47D</outgoing>
         <outgoing>sid-FF8F1720-6568-4529-9741-5D79951B7C74</outgoing>
      </parallelGateway>
      <scriptTask completionQuantity="1" id="sid-A7550E5C-AEA1-4E61-8982-3762D9DF1884" isForCompensation="false" name="Empty ST &#10;1.2.4.2" scriptFormat="groovy" startQuantity="1">
         <extensionElements>
            <signavio:signavioMetaData metaKey="bgcolor" metaValue="#ffffcc"/>
            <signavio:signavioMetaData metaKey="risklevel" metaValue=""/>
            <signavio:signavioMetaData metaKey="externaldocuments" metaValue="[]"/>
         </extensionElements>
         <incoming>sid-AF05EA24-440D-496F-B7AE-F85664501E97</incoming>
         <outgoing>sid-A1B1B48F-DD03-4AEB-8284-CD875C9BF47C</outgoing>
         <script/>
      </scriptTask>
      <scriptTask completionQuantity="1" id="sid-BADD45D9-BF98-4E2A-B984-7A0FF87492CA" isForCompensation="false" name="Empty ST &#10;1.2.4.3" scriptFormat="groovy" startQuantity="1">
         <extensionElements>
            <signavio:signavioMetaData metaKey="bgcolor" metaValue="#ffffcc"/>
            <signavio:signavioMetaData metaKey="risklevel" metaValue=""/>
            <signavio:signavioMetaData metaKey="externaldocuments" metaValue="[]"/>
         </extensionElements>
         <incoming>sid-FAF68895-EE74-46B0-8E04-87E7AEDAE0F6</incoming>
         <outgoing>sid-D954FD4E-EBED-4027-8926-1020A3016B80</outgoing>
         <script/>
      </scriptTask>
      <scriptTask completionQuantity="1" id="sid-329C24B6-96D5-4D20-BD84-7966B611275D" isForCompensation="false" name="Empty ST &#10;1.2.4.4" scriptFormat="groovy" startQuantity="1">
         <extensionElements>
            <signavio:signavioMetaData metaKey="bgcolor" metaValue="#ffffcc"/>
            <signavio:signavioMetaData metaKey="risklevel" metaValue=""/>
            <signavio:signavioMetaData metaKey="externaldocuments" metaValue="[]"/>
         </extensionElements>
         <incoming>sid-B8C72487-EDAF-4B3C-8519-B4E21724C47D</incoming>
         <outgoing>sid-FD7D5B84-038B-4EF8-9371-7DA40C26AE05</outgoing>
         <script/>
      </scriptTask>
      <scriptTask completionQuantity="1" id="sid-E4AEF289-0366-4031-93F9-E6D761096E18" isForCompensation="false" name="Empty ST &#10;1.2.4.5" scriptFormat="groovy" startQuantity="1">
         <extensionElements>
            <signavio:signavioMetaData metaKey="bgcolor" metaValue="#ffffcc"/>
            <signavio:signavioMetaData metaKey="risklevel" metaValue=""/>
            <signavio:signavioMetaData metaKey="externaldocuments" metaValue="[]"/>
         </extensionElements>
         <incoming>sid-FF8F1720-6568-4529-9741-5D79951B7C74</incoming>
         <outgoing>sid-1DAC8608-58CD-4129-978F-C61DE5169488</outgoing>
         <script/>
      </scriptTask>
      <endEvent id="sid-7D995220-57C9-40DC-BF47-9E0CDE8899F5" name="1.2.4.1 End">
         <extensionElements>
            <signavio:signavioMetaData metaKey="bgcolor" metaValue="#ffffff"/>
            <signavio:signavioMetaData metaKey="followingprocesses" metaValue="[]"/>
         </extensionElements>
         <incoming>sid-A1B1B48F-DD03-4AEB-8284-CD875C9BF47C</incoming>
      </endEvent>
      <endEvent id="sid-D818B946-0921-4927-88CC-1E696FD546CD" name="1.2.4.2 End">
         <extensionElements>
            <signavio:signavioMetaData metaKey="bgcolor" metaValue="#ffffff"/>
            <signavio:signavioMetaData metaKey="followingprocesses" metaValue="[]"/>
         </extensionElements>
         <incoming>sid-D954FD4E-EBED-4027-8926-1020A3016B80</incoming>
      </endEvent>
      <endEvent id="sid-ABE60E8C-8A67-4AAB-A181-A6C2E13C59F4" name="1.2.4.3 End">
         <extensionElements>
            <signavio:signavioMetaData metaKey="bgcolor" metaValue="#ffffff"/>
            <signavio:signavioMetaData metaKey="followingprocesses" metaValue="[]"/>
         </extensionElements>
         <incoming>sid-FD7D5B84-038B-4EF8-9371-7DA40C26AE05</incoming>
      </endEvent>
      <endEvent id="sid-6F09C347-AF59-4263-8E43-A0588C1523B4" name="1.2.4.4 End">
         <extensionElements>
            <signavio:signavioMetaData metaKey="bgcolor" metaValue="#ffffff"/>
            <signavio:signavioMetaData metaKey="followingprocesses" metaValue="[]"/>
         </extensionElements>
         <incoming>sid-1DAC8608-58CD-4129-978F-C61DE5169488</incoming>
      </endEvent>
      <sequenceFlow id="sid-4090699D-3240-4483-8A07-45DC488A23A6" name="" sourceRef="sid-B614AE31-B0BF-4631-A2A5-2EE76511CF77" targetRef="sid-FA7457AC-E2D8-4F22-A4A6-237F4A333857"/>
      <sequenceFlow id="sid-7000BA52-F61F-46C8-B4D9-3A6A41A82EB5" name="" sourceRef="sid-FA7457AC-E2D8-4F22-A4A6-237F4A333857" targetRef="sid-26CFC0AE-CCC7-4545-92E8-F88C6BA44C33"/>
      <sequenceFlow id="sid-ABB5AD5D-859B-484A-A7E9-379A06C818A5" name="" sourceRef="sid-26CFC0AE-CCC7-4545-92E8-F88C6BA44C33" targetRef="sid-24563264-9E7F-4065-B18B-5776AD22039E"/>
      <sequenceFlow id="sid-8682BD59-C4A9-4E48-81B1-1A859EA0E3A4" name="" sourceRef="sid-26CFC0AE-CCC7-4545-92E8-F88C6BA44C33" targetRef="sid-B59AF1B4-7355-4FE3-A094-5C0CED212F3B"/>
      <sequenceFlow id="sid-AF05EA24-440D-496F-B7AE-F85664501E97" name="" sourceRef="sid-24563264-9E7F-4065-B18B-5776AD22039E" targetRef="sid-A7550E5C-AEA1-4E61-8982-3762D9DF1884"/>
      <sequenceFlow id="sid-FAF68895-EE74-46B0-8E04-87E7AEDAE0F6" name="" sourceRef="sid-24563264-9E7F-4065-B18B-5776AD22039E" targetRef="sid-BADD45D9-BF98-4E2A-B984-7A0FF87492CA"/>
      <sequenceFlow id="sid-B8C72487-EDAF-4B3C-8519-B4E21724C47D" name="" sourceRef="sid-B59AF1B4-7355-4FE3-A094-5C0CED212F3B" targetRef="sid-329C24B6-96D5-4D20-BD84-7966B611275D"/>
      <sequenceFlow id="sid-FF8F1720-6568-4529-9741-5D79951B7C74" name="" sourceRef="sid-B59AF1B4-7355-4FE3-A094-5C0CED212F3B" targetRef="sid-E4AEF289-0366-4031-93F9-E6D761096E18"/>
      <sequenceFlow id="sid-A1B1B48F-DD03-4AEB-8284-CD875C9BF47C" name="" sourceRef="sid-A7550E5C-AEA1-4E61-8982-3762D9DF1884" targetRef="sid-7D995220-57C9-40DC-BF47-9E0CDE8899F5"/>
      <sequenceFlow id="sid-D954FD4E-EBED-4027-8926-1020A3016B80" name="" sourceRef="sid-BADD45D9-BF98-4E2A-B984-7A0FF87492CA" targetRef="sid-D818B946-0921-4927-88CC-1E696FD546CD"/>
      <sequenceFlow id="sid-FD7D5B84-038B-4EF8-9371-7DA40C26AE05" name="" sourceRef="sid-329C24B6-96D5-4D20-BD84-7966B611275D" targetRef="sid-ABE60E8C-8A67-4AAB-A181-A6C2E13C59F4"/>
      <sequenceFlow id="sid-1DAC8608-58CD-4129-978F-C61DE5169488" name="" sourceRef="sid-E4AEF289-0366-4031-93F9-E6D761096E18" targetRef="sid-6F09C347-AF59-4263-8E43-A0588C1523B4"/>
   </process>
   <bpmndi:BPMNDiagram id="sid-458f56f6-d6af-435d-b8ca-1430329d491c">
      <bpmndi:BPMNPlane bpmnElement="ParallelR1R5_1.2.4" id="sid-3fc3679c-0018-4e44-8d98-670504e9511a">
         <bpmndi:BPMNShape bpmnElement="sid-B614AE31-B0BF-4631-A2A5-2EE76511CF77" id="sid-B614AE31-B0BF-4631-A2A5-2EE76511CF77_gui">
            <omgdc:Bounds height="30.0" width="30.0" x="75.0" y="235.0"/>
            <bpmndi:BPMNLabel labelStyle="sid-53c63ac9-cd86-45bd-b674-38d01a9b07d1">
               <omgdc:Bounds height="11.0" width="55.157142639160156" x="62.42142868041992" y="267.0"/>
            </bpmndi:BPMNLabel>
         </bpmndi:BPMNShape>
         <bpmndi:BPMNShape bpmnElement="sid-FA7457AC-E2D8-4F22-A4A6-237F4A333857" id="sid-FA7457AC-E2D8-4F22-A4A6-237F4A333857_gui">
            <omgdc:Bounds height="80.0" width="113.0" x="150.0" y="210.0"/>
            <bpmndi:BPMNLabel labelStyle="sid-e4d3bdcb-b30d-44ae-8ff7-f866bceb43bb">
               <omgdc:Bounds height="24.0" width="53.22857666015625" x="179.88571166992188" y="236.0"/>
            </bpmndi:BPMNLabel>
         </bpmndi:BPMNShape>
         <bpmndi:BPMNShape bpmnElement="sid-26CFC0AE-CCC7-4545-92E8-F88C6BA44C33" id="sid-26CFC0AE-CCC7-4545-92E8-F88C6BA44C33_gui">
            <omgdc:Bounds height="40.0" width="40.0" x="295.0" y="230.0"/>
            <bpmndi:BPMNLabel labelStyle="sid-53c63ac9-cd86-45bd-b674-38d01a9b07d1">
               <omgdc:Bounds height="12.0" width="57.857147216796875" x="340.0" y="242.0"/>
            </bpmndi:BPMNLabel>
         </bpmndi:BPMNShape>
         <bpmndi:BPMNShape bpmnElement="sid-24563264-9E7F-4065-B18B-5776AD22039E" id="sid-24563264-9E7F-4065-B18B-5776AD22039E_gui">
            <omgdc:Bounds height="40.0" width="40.0" x="385.0" y="125.0"/>
            <bpmndi:BPMNLabel labelStyle="sid-53c63ac9-cd86-45bd-b674-38d01a9b07d1">
               <omgdc:Bounds height="12.0" width="57.857147216796875" x="415.5" y="155.5"/>
            </bpmndi:BPMNLabel>
         </bpmndi:BPMNShape>
         <bpmndi:BPMNShape bpmnElement="sid-B59AF1B4-7355-4FE3-A094-5C0CED212F3B" id="sid-B59AF1B4-7355-4FE3-A094-5C0CED212F3B_gui">
            <omgdc:Bounds height="40.0" width="40.0" x="385.0" y="335.0"/>
            <bpmndi:BPMNLabel labelStyle="sid-53c63ac9-cd86-45bd-b674-38d01a9b07d1">
               <omgdc:Bounds height="12.0" width="57.857147216796875" x="415.5" y="365.5"/>
            </bpmndi:BPMNLabel>
         </bpmndi:BPMNShape>
         <bpmndi:BPMNShape bpmnElement="sid-A7550E5C-AEA1-4E61-8982-3762D9DF1884" id="sid-A7550E5C-AEA1-4E61-8982-3762D9DF1884_gui">
            <omgdc:Bounds height="80.0" width="113.0" x="495.0" y="40.0"/>
            <bpmndi:BPMNLabel labelStyle="sid-e4d3bdcb-b30d-44ae-8ff7-f866bceb43bb">
               <omgdc:Bounds height="24.0" width="53.22857666015625" x="524.8857116699219" y="66.0"/>
            </bpmndi:BPMNLabel>
         </bpmndi:BPMNShape>
         <bpmndi:BPMNShape bpmnElement="sid-BADD45D9-BF98-4E2A-B984-7A0FF87492CA" id="sid-BADD45D9-BF98-4E2A-B984-7A0FF87492CA_gui">
            <omgdc:Bounds height="80.0" width="113.0" x="495.0" y="160.0"/>
            <bpmndi:BPMNLabel labelStyle="sid-e4d3bdcb-b30d-44ae-8ff7-f866bceb43bb">
               <omgdc:Bounds height="24.0" width="53.22857666015625" x="524.8857116699219" y="186.0"/>
            </bpmndi:BPMNLabel>
         </bpmndi:BPMNShape>
         <bpmndi:BPMNShape bpmnElement="sid-329C24B6-96D5-4D20-BD84-7966B611275D" id="sid-329C24B6-96D5-4D20-BD84-7966B611275D_gui">
            <omgdc:Bounds height="80.0" width="113.0" x="495.0" y="265.0"/>
            <bpmndi:BPMNLabel labelStyle="sid-e4d3bdcb-b30d-44ae-8ff7-f866bceb43bb">
               <omgdc:Bounds height="24.0" width="53.22857666015625" x="524.8857116699219" y="291.0"/>
            </bpmndi:BPMNLabel>
         </bpmndi:BPMNShape>
         <bpmndi:BPMNShape bpmnElement="sid-E4AEF289-0366-4031-93F9-E6D761096E18" id="sid-E4AEF289-0366-4031-93F9-E6D761096E18_gui">
            <omgdc:Bounds height="80.0" width="113.0" x="495.0" y="390.0"/>
            <bpmndi:BPMNLabel labelStyle="sid-e4d3bdcb-b30d-44ae-8ff7-f866bceb43bb">
               <omgdc:Bounds height="24.0" width="53.22857666015625" x="524.8857116699219" y="416.0"/>
            </bpmndi:BPMNLabel>
         </bpmndi:BPMNShape>
         <bpmndi:BPMNShape bpmnElement="sid-7D995220-57C9-40DC-BF47-9E0CDE8899F5" id="sid-7D995220-57C9-40DC-BF47-9E0CDE8899F5_gui">
            <omgdc:Bounds height="28.0" width="28.0" x="653.0" y="66.0"/>
            <bpmndi:BPMNLabel labelStyle="sid-53c63ac9-cd86-45bd-b674-38d01a9b07d1">
               <omgdc:Bounds height="11.0" width="58.69285583496094" x="637.6535720825195" y="96.0"/>
            </bpmndi:BPMNLabel>
         </bpmndi:BPMNShape>
         <bpmndi:BPMNShape bpmnElement="sid-D818B946-0921-4927-88CC-1E696FD546CD" id="sid-D818B946-0921-4927-88CC-1E696FD546CD_gui">
            <omgdc:Bounds height="28.0" width="28.0" x="653.0" y="186.0"/>
            <bpmndi:BPMNLabel labelStyle="sid-53c63ac9-cd86-45bd-b674-38d01a9b07d1">
               <omgdc:Bounds height="11.0" width="58.69285583496094" x="637.6535720825195" y="216.0"/>
            </bpmndi:BPMNLabel>
         </bpmndi:BPMNShape>
         <bpmndi:BPMNShape bpmnElement="sid-ABE60E8C-8A67-4AAB-A181-A6C2E13C59F4" id="sid-ABE60E8C-8A67-4AAB-A181-A6C2E13C59F4_gui">
            <omgdc:Bounds height="28.0" width="28.0" x="653.0" y="291.0"/>
            <bpmndi:BPMNLabel labelStyle="sid-53c63ac9-cd86-45bd-b674-38d01a9b07d1">
               <omgdc:Bounds height="11.0" width="58.69285583496094" x="637.6535720825195" y="321.0"/>
            </bpmndi:BPMNLabel>
         </bpmndi:BPMNShape>
         <bpmndi:BPMNShape bpmnElement="sid-6F09C347-AF59-4263-8E43-A0588C1523B4" id="sid-6F09C347-AF59-4263-8E43-A0588C1523B4_gui">
            <omgdc:Bounds height="28.0" width="28.0" x="653.0" y="416.0"/>
            <bpmndi:BPMNLabel labelStyle="sid-53c63ac9-cd86-45bd-b674-38d01a9b07d1">
               <omgdc:Bounds height="11.0" width="58.69285583496094" x="637.6535720825195" y="446.0"/>
            </bpmndi:BPMNLabel>
         </bpmndi:BPMNShape>
         <bpmndi:BPMNEdge bpmnElement="sid-4090699D-3240-4483-8A07-45DC488A23A6" id="sid-4090699D-3240-4483-8A07-45DC488A23A6_gui">
            <omgdi:waypoint x="105.0" y="250.0"/>
            <omgdi:waypoint x="150.0" y="250.0"/>
         </bpmndi:BPMNEdge>
         <bpmndi:BPMNEdge bpmnElement="sid-7000BA52-F61F-46C8-B4D9-3A6A41A82EB5" id="sid-7000BA52-F61F-46C8-B4D9-3A6A41A82EB5_gui">
            <omgdi:waypoint x="263.0" y="250.2591743119266"/>
            <omgdi:waypoint x="295.0" y="250.4059633027523"/>
         </bpmndi:BPMNEdge>
         <bpmndi:BPMNEdge bpmnElement="sid-ABB5AD5D-859B-484A-A7E9-379A06C818A5" id="sid-ABB5AD5D-859B-484A-A7E9-379A06C818A5_gui">
            <omgdi:waypoint x="315.5" y="230.0"/>
            <omgdi:waypoint x="315.5" y="145.5"/>
            <omgdi:waypoint x="385.0" y="145.5"/>
         </bpmndi:BPMNEdge>
         <bpmndi:BPMNEdge bpmnElement="sid-8682BD59-C4A9-4E48-81B1-1A859EA0E3A4" id="sid-8682BD59-C4A9-4E48-81B1-1A859EA0E3A4_gui">
            <omgdi:waypoint x="315.5" y="270.0"/>
            <omgdi:waypoint x="315.5" y="355.5"/>
            <omgdi:waypoint x="385.0" y="355.5"/>
         </bpmndi:BPMNEdge>
         <bpmndi:BPMNEdge bpmnElement="sid-AF05EA24-440D-496F-B7AE-F85664501E97" id="sid-AF05EA24-440D-496F-B7AE-F85664501E97_gui">
            <omgdi:waypoint x="405.5" y="125.0"/>
            <omgdi:waypoint x="405.5" y="80.0"/>
            <omgdi:waypoint x="495.0" y="80.0"/>
         </bpmndi:BPMNEdge>
         <bpmndi:BPMNEdge bpmnElement="sid-FAF68895-EE74-46B0-8E04-87E7AEDAE0F6" id="sid-FAF68895-EE74-46B0-8E04-87E7AEDAE0F6_gui">
            <omgdi:waypoint x="405.5" y="165.0"/>
            <omgdi:waypoint x="405.5" y="200.0"/>
            <omgdi:waypoint x="495.0" y="200.0"/>
         </bpmndi:BPMNEdge>
         <bpmndi:BPMNEdge bpmnElement="sid-B8C72487-EDAF-4B3C-8519-B4E21724C47D" id="sid-B8C72487-EDAF-4B3C-8519-B4E21724C47D_gui">
            <omgdi:waypoint x="405.5" y="335.0"/>
            <omgdi:waypoint x="405.5" y="305.0"/>
            <omgdi:waypoint x="495.0" y="305.0"/>
         </bpmndi:BPMNEdge>
         <bpmndi:BPMNEdge bpmnElement="sid-FF8F1720-6568-4529-9741-5D79951B7C74" id="sid-FF8F1720-6568-4529-9741-5D79951B7C74_gui">
            <omgdi:waypoint x="405.5" y="375.0"/>
            <omgdi:waypoint x="405.5" y="430.0"/>
            <omgdi:waypoint x="495.0" y="430.0"/>
         </bpmndi:BPMNEdge>
         <bpmndi:BPMNEdge bpmnElement="sid-A1B1B48F-DD03-4AEB-8284-CD875C9BF47C" id="sid-A1B1B48F-DD03-4AEB-8284-CD875C9BF47C_gui">
            <omgdi:waypoint x="608.0" y="80.0"/>
            <omgdi:waypoint x="653.0" y="80.0"/>
         </bpmndi:BPMNEdge>
         <bpmndi:BPMNEdge bpmnElement="sid-D954FD4E-EBED-4027-8926-1020A3016B80" id="sid-D954FD4E-EBED-4027-8926-1020A3016B80_gui">
            <omgdi:waypoint x="608.0" y="200.0"/>
            <omgdi:waypoint x="653.0" y="200.0"/>
         </bpmndi:BPMNEdge>
         <bpmndi:BPMNEdge bpmnElement="sid-FD7D5B84-038B-4EF8-9371-7DA40C26AE05" id="sid-FD7D5B84-038B-4EF8-9371-7DA40C26AE05_gui">
            <omgdi:waypoint x="608.0" y="305.0"/>
            <omgdi:waypoint x="653.0" y="305.0"/>
         </bpmndi:BPMNEdge>
         <bpmndi:BPMNEdge bpmnElement="sid-1DAC8608-58CD-4129-978F-C61DE5169488" id="sid-1DAC8608-58CD-4129-978F-C61DE5169488_gui">
            <omgdi:waypoint x="608.0" y="430.0"/>
            <omgdi:waypoint x="653.0" y="430.0"/>
         </bpmndi:BPMNEdge>
      </bpmndi:BPMNPlane>
      <bpmndi:BPMNLabelStyle id="sid-53c63ac9-cd86-45bd-b674-38d01a9b07d1">
         <omgdc:Font isBold="false" isItalic="false" isStrikeThrough="false" isUnderline="false" name="Arial" size="11.0"/>
      </bpmndi:BPMNLabelStyle>
      <bpmndi:BPMNLabelStyle id="sid-e4d3bdcb-b30d-44ae-8ff7-f866bceb43bb">
         <omgdc:Font isBold="false" isItalic="false" isStrikeThrough="false" isUnderline="false" name="Arial" size="12.0"/>
      </bpmndi:BPMNLabelStyle>
   </bpmndi:BPMNDiagram>
</definitions>
