<?xml version="1.0" encoding="UTF-8"?>
<definitions xmlns="http://www.omg.org/spec/BPMN/20100524/MODEL" xmlns:bpmndi="http://www.omg.org/spec/BPMN/20100524/DI" xmlns:omgdc="http://www.omg.org/spec/DD/20100524/DC" xmlns:omgdi="http://www.omg.org/spec/DD/20100524/DI" xmlns:signavio="http://www.signavio.com" xmlns:xsi="http://www.w3.org/2001/XMLSchema-instance" exporter="Signavio Process Editor, http://www.signavio.com" exporterVersion="10.11.0" expressionLanguage="http://www.w3.org/TR/XPath" id="sid-7fdfea1d-68fb-4397-bb64-5121668c94f3" targetNamespace="http://www.signavio.com" typeLanguage="http://www.w3.org/2001/XMLSchema" xsi:schemaLocation="http://www.omg.org/spec/BPMN/20100524/MODEL http://www.omg.org/spec/BPMN/2.0/20100501/BPMN20.xsd">
   <process id="ParallelR3R4_1.2.8" isClosed="false" isExecutable="true" processType="None">
      <extensionElements>
         <signavio:signavioDiagramMetaData metaKey="revisionid" metaValue="fe378a03b9294601a7082379ad3b67cd"/>
      </extensionElements>
      <startEvent id="sid-B614AE31-B0BF-4631-A2A5-2EE76511CF77" name="1.2.8 Start">
         <extensionElements>
            <signavio:signavioMetaData metaKey="bgcolor" metaValue="#ffffff"/>
            <signavio:signavioMetaData metaKey="preceedingprocesses" metaValue="[]"/>
         </extensionElements>
         <outgoing>sid-4090699D-3240-4483-8A07-45DC488A23A6</outgoing>
      </startEvent>
      <scriptTask completionQuantity="1" id="sid-FA7457AC-E2D8-4F22-A4A6-237F4A333857" isForCompensation="false" name="Empty ST &#10;1.2.8.1" scriptFormat="groovy" startQuantity="1">
         <extensionElements>
            <signavio:signavioMetaData metaKey="bgcolor" metaValue="#ffffcc"/>
            <signavio:signavioMetaData metaKey="risklevel" metaValue=""/>
            <signavio:signavioMetaData metaKey="externaldocuments" metaValue="[]"/>
         </extensionElements>
         <incoming>sid-4090699D-3240-4483-8A07-45DC488A23A6</incoming>
         <outgoing>sid-0B816FDA-4710-4378-8BC2-9016DE6A6D1A</outgoing>
         <outgoing>sid-064C8AD1-081C-4979-B340-1A1DD3F49DE5</outgoing>
         <script/>
      </scriptTask>
      <scriptTask completionQuantity="1" id="sid-A7550E5C-AEA1-4E61-8982-3762D9DF1884" isForCompensation="false" name="Empty ST &#10;1.2.8.2" scriptFormat="groovy" startQuantity="1">
         <extensionElements>
            <signavio:signavioMetaData metaKey="bgcolor" metaValue="#ffffcc"/>
            <signavio:signavioMetaData metaKey="risklevel" metaValue=""/>
            <signavio:signavioMetaData metaKey="externaldocuments" metaValue="[]"/>
         </extensionElements>
         <incoming>sid-36CED74C-9626-4264-AC1B-2932D20F6D35</incoming>
         <outgoing>sid-C4F73DA3-9364-4AF8-89BD-78826BC64025</outgoing>
         <script/>
      </scriptTask>
      <scriptTask completionQuantity="1" id="sid-BADD45D9-BF98-4E2A-B984-7A0FF87492CA" isForCompensation="false" name="Empty ST &#10;1.2.8.3" scriptFormat="groovy" startQuantity="1">
         <extensionElements>
            <signavio:signavioMetaData metaKey="bgcolor" metaValue="#ffffcc"/>
            <signavio:signavioMetaData metaKey="risklevel" metaValue=""/>
            <signavio:signavioMetaData metaKey="externaldocuments" metaValue="[]"/>
         </extensionElements>
         <incoming>sid-D55C47BB-A137-47D9-B3AF-0E715F214815</incoming>
         <outgoing>sid-10C0C9DD-3B26-4EBF-9941-8CC39E09F01D</outgoing>
         <script/>
      </scriptTask>
      <scriptTask completionQuantity="1" id="sid-329C24B6-96D5-4D20-BD84-7966B611275D" isForCompensation="false" name="Empty ST &#10;1.2.8.4" scriptFormat="groovy" startQuantity="1">
         <extensionElements>
            <signavio:signavioMetaData metaKey="bgcolor" metaValue="#ffffcc"/>
            <signavio:signavioMetaData metaKey="risklevel" metaValue=""/>
            <signavio:signavioMetaData metaKey="externaldocuments" metaValue="[]"/>
         </extensionElements>
         <incoming>sid-A9D8DC61-447D-4951-BF88-31D2422C9D19</incoming>
         <outgoing>sid-CC3B7065-310E-4B00-B2FF-C9491CFE2B9B</outgoing>
         <script/>
      </scriptTask>
      <scriptTask completionQuantity="1" id="sid-E4AEF289-0366-4031-93F9-E6D761096E18" isForCompensation="false" name="Empty ST &#10;1.2.8.5" scriptFormat="groovy" startQuantity="1">
         <extensionElements>
            <signavio:signavioMetaData metaKey="bgcolor" metaValue="#ffffcc"/>
            <signavio:signavioMetaData metaKey="risklevel" metaValue=""/>
            <signavio:signavioMetaData metaKey="externaldocuments" metaValue="[]"/>
         </extensionElements>
         <incoming>sid-CAF383C9-1FFE-4F12-9ACF-8187A38B8090</incoming>
         <outgoing>sid-161AB1F0-7F4D-4B17-AA9A-86A4C9133AA7</outgoing>
         <script/>
      </scriptTask>
      <endEvent id="sid-79F7597A-8FF3-45B7-9AFA-610309EFE864" name="1.2.8 End">
         <extensionElements>
            <signavio:signavioMetaData metaKey="bgcolor" metaValue="#ffffff"/>
            <signavio:signavioMetaData metaKey="followingprocesses" metaValue="[]"/>
         </extensionElements>
         <incoming>sid-EE2A36D4-046C-46D3-BE0E-3CD57D15E380</incoming>
      </endEvent>
      <inclusiveGateway gatewayDirection="Converging" id="sid-FE4F1B0B-4568-4DFD-9A18-DA1F24F78227" name="IG 1.2.8.2">
         <extensionElements>
            <signavio:signavioMetaData metaKey="bgcolor" metaValue="#ffffff"/>
         </extensionElements>
         <incoming>sid-C4F73DA3-9364-4AF8-89BD-78826BC64025</incoming>
         <incoming>sid-10C0C9DD-3B26-4EBF-9941-8CC39E09F01D</incoming>
         <outgoing>sid-5F0C908C-CE10-4AD0-99C5-4889E5E7569F</outgoing>
      </inclusiveGateway>
      <inclusiveGateway gatewayDirection="Converging" id="sid-4A6651E0-C082-4A20-B2F7-2E8B9EFCF885" name="IG 1.2.8.4">
         <extensionElements>
            <signavio:signavioMetaData metaKey="bgcolor" metaValue="#ffffff"/>
         </extensionElements>
         <incoming>sid-CC3B7065-310E-4B00-B2FF-C9491CFE2B9B</incoming>
         <incoming>sid-161AB1F0-7F4D-4B17-AA9A-86A4C9133AA7</incoming>
         <outgoing>sid-DE1BCAD9-C75C-4752-92DC-2B748DDF2075</outgoing>
      </inclusiveGateway>
      <inclusiveGateway gatewayDirection="Converging" id="sid-940FF2CB-BF54-49A2-94BE-602940556E14" name="IG 1.2.8.5">
         <extensionElements>
            <signavio:signavioMetaData metaKey="bgcolor" metaValue="#ffffff"/>
            <signavio:signavioLabel align="center" ref="text_name" valign="middle" x="-36.0" y="35.0"/>
         </extensionElements>
         <incoming>sid-5F0C908C-CE10-4AD0-99C5-4889E5E7569F</incoming>
         <incoming>sid-DE1BCAD9-C75C-4752-92DC-2B748DDF2075</incoming>
         <outgoing>sid-EE2A36D4-046C-46D3-BE0E-3CD57D15E380</outgoing>
      </inclusiveGateway>
      <inclusiveGateway gatewayDirection="Diverging" id="sid-5D69A058-D372-42EF-977C-F49DF555B75D" name="IG 1.2.8.1">
         <extensionElements>
            <signavio:signavioMetaData metaKey="bgcolor" metaValue="#ffffff"/>
         </extensionElements>
         <incoming>sid-0B816FDA-4710-4378-8BC2-9016DE6A6D1A</incoming>
         <outgoing>sid-36CED74C-9626-4264-AC1B-2932D20F6D35</outgoing>
         <outgoing>sid-D55C47BB-A137-47D9-B3AF-0E715F214815</outgoing>
      </inclusiveGateway>
      <inclusiveGateway gatewayDirection="Diverging" id="sid-697B7760-A57F-4AAC-8A02-D041583B9437" name="IG 1.2.8.3">
         <extensionElements>
            <signavio:signavioMetaData metaKey="bgcolor" metaValue="#ffffff"/>
         </extensionElements>
         <incoming>sid-064C8AD1-081C-4979-B340-1A1DD3F49DE5</incoming>
         <outgoing>sid-A9D8DC61-447D-4951-BF88-31D2422C9D19</outgoing>
         <outgoing>sid-CAF383C9-1FFE-4F12-9ACF-8187A38B8090</outgoing>
      </inclusiveGateway>
      <sequenceFlow id="sid-4090699D-3240-4483-8A07-45DC488A23A6" name="" sourceRef="sid-B614AE31-B0BF-4631-A2A5-2EE76511CF77" targetRef="sid-FA7457AC-E2D8-4F22-A4A6-237F4A333857"/>
      <sequenceFlow id="sid-C4F73DA3-9364-4AF8-89BD-78826BC64025" name="" sourceRef="sid-A7550E5C-AEA1-4E61-8982-3762D9DF1884" targetRef="sid-FE4F1B0B-4568-4DFD-9A18-DA1F24F78227"/>
      <sequenceFlow id="sid-10C0C9DD-3B26-4EBF-9941-8CC39E09F01D" name="" sourceRef="sid-BADD45D9-BF98-4E2A-B984-7A0FF87492CA" targetRef="sid-FE4F1B0B-4568-4DFD-9A18-DA1F24F78227"/>
      <sequenceFlow id="sid-CC3B7065-310E-4B00-B2FF-C9491CFE2B9B" name="" sourceRef="sid-329C24B6-96D5-4D20-BD84-7966B611275D" targetRef="sid-4A6651E0-C082-4A20-B2F7-2E8B9EFCF885"/>
      <sequenceFlow id="sid-161AB1F0-7F4D-4B17-AA9A-86A4C9133AA7" name="" sourceRef="sid-E4AEF289-0366-4031-93F9-E6D761096E18" targetRef="sid-4A6651E0-C082-4A20-B2F7-2E8B9EFCF885"/>
      <sequenceFlow id="sid-5F0C908C-CE10-4AD0-99C5-4889E5E7569F" name="" sourceRef="sid-FE4F1B0B-4568-4DFD-9A18-DA1F24F78227" targetRef="sid-940FF2CB-BF54-49A2-94BE-602940556E14"/>
      <sequenceFlow id="sid-DE1BCAD9-C75C-4752-92DC-2B748DDF2075" name="" sourceRef="sid-4A6651E0-C082-4A20-B2F7-2E8B9EFCF885" targetRef="sid-940FF2CB-BF54-49A2-94BE-602940556E14"/>
      <sequenceFlow id="sid-EE2A36D4-046C-46D3-BE0E-3CD57D15E380" name="" sourceRef="sid-940FF2CB-BF54-49A2-94BE-602940556E14" targetRef="sid-79F7597A-8FF3-45B7-9AFA-610309EFE864"/>
      <sequenceFlow id="sid-0B816FDA-4710-4378-8BC2-9016DE6A6D1A" name="" sourceRef="sid-FA7457AC-E2D8-4F22-A4A6-237F4A333857" targetRef="sid-5D69A058-D372-42EF-977C-F49DF555B75D">
         <conditionExpression id="sid-390b9af1-f191-4f83-a17d-3ca07471ca3c" xsi:type="tFormalExpression">${1==1}</conditionExpression>
      </sequenceFlow>
      <sequenceFlow id="sid-064C8AD1-081C-4979-B340-1A1DD3F49DE5" name="" sourceRef="sid-FA7457AC-E2D8-4F22-A4A6-237F4A333857" targetRef="sid-697B7760-A57F-4AAC-8A02-D041583B9437">
         <conditionExpression id="sid-dcd15b67-7331-46c7-9c83-39fcb5f59d9f" xsi:type="tFormalExpression">${1==1}</conditionExpression>
      </sequenceFlow>
      <sequenceFlow id="sid-36CED74C-9626-4264-AC1B-2932D20F6D35" name="" sourceRef="sid-5D69A058-D372-42EF-977C-F49DF555B75D" targetRef="sid-A7550E5C-AEA1-4E61-8982-3762D9DF1884">
         <conditionExpression id="sid-21e8b331-d3c4-4d6c-a2d4-8a06627a2ac0" xsi:type="tFormalExpression">${1==1}</conditionExpression>
      </sequenceFlow>
      <sequenceFlow id="sid-D55C47BB-A137-47D9-B3AF-0E715F214815" name="" sourceRef="sid-5D69A058-D372-42EF-977C-F49DF555B75D" targetRef="sid-BADD45D9-BF98-4E2A-B984-7A0FF87492CA">
         <conditionExpression id="sid-407f8034-d366-4a7c-b952-e098a7064150" xsi:type="tFormalExpression">${1==1}</conditionExpression>
      </sequenceFlow>
      <sequenceFlow id="sid-A9D8DC61-447D-4951-BF88-31D2422C9D19" name="" sourceRef="sid-697B7760-A57F-4AAC-8A02-D041583B9437" targetRef="sid-329C24B6-96D5-4D20-BD84-7966B611275D">
         <conditionExpression id="sid-42998338-1c7c-4d22-a2f3-580867d90c44" xsi:type="tFormalExpression">${1==1}</conditionExpression>
      </sequenceFlow>
      <sequenceFlow id="sid-CAF383C9-1FFE-4F12-9ACF-8187A38B8090" name="" sourceRef="sid-697B7760-A57F-4AAC-8A02-D041583B9437" targetRef="sid-E4AEF289-0366-4031-93F9-E6D761096E18">
         <conditionExpression id="sid-0d1bc307-abdd-4616-98e7-46a031a64482" xsi:type="tFormalExpression">${1==1}</conditionExpression>
      </sequenceFlow>
   </process>
   <bpmndi:BPMNDiagram id="sid-679f2b53-d16a-4a73-9467-296999876c75">
      <bpmndi:BPMNPlane bpmnElement="ParallelR3R4_1.2.8" id="sid-027a43f6-4c14-4514-b61b-c66fd7edab6d">
         <bpmndi:BPMNShape bpmnElement="sid-B614AE31-B0BF-4631-A2A5-2EE76511CF77" id="sid-B614AE31-B0BF-4631-A2A5-2EE76511CF77_gui">
            <omgdc:Bounds height="30.0" width="30.0" x="115.0" y="240.0"/>
            <bpmndi:BPMNLabel labelStyle="sid-f5c16dc4-0bc0-4020-a05f-13ffb0bccbe0">
               <omgdc:Bounds height="11.0" width="55.157142639160156" x="102.42142868041992" y="272.0"/>
            </bpmndi:BPMNLabel>
         </bpmndi:BPMNShape>
         <bpmndi:BPMNShape bpmnElement="sid-FA7457AC-E2D8-4F22-A4A6-237F4A333857" id="sid-FA7457AC-E2D8-4F22-A4A6-237F4A333857_gui">
            <omgdc:Bounds height="80.0" width="112.0" x="190.0" y="215.0"/>
            <bpmndi:BPMNLabel labelStyle="sid-c133b4bb-b00c-46e2-a619-c2a5999084bd">
               <omgdc:Bounds height="24.0" width="53.22857666015625" x="219.38571166992188" y="241.0"/>
            </bpmndi:BPMNLabel>
         </bpmndi:BPMNShape>
         <bpmndi:BPMNShape bpmnElement="sid-A7550E5C-AEA1-4E61-8982-3762D9DF1884" id="sid-A7550E5C-AEA1-4E61-8982-3762D9DF1884_gui">
            <omgdc:Bounds height="80.0" width="112.0" x="435.0" y="45.0"/>
            <bpmndi:BPMNLabel labelStyle="sid-c133b4bb-b00c-46e2-a619-c2a5999084bd">
               <omgdc:Bounds height="24.0" width="53.22857666015625" x="464.3857116699219" y="71.0"/>
            </bpmndi:BPMNLabel>
         </bpmndi:BPMNShape>
         <bpmndi:BPMNShape bpmnElement="sid-BADD45D9-BF98-4E2A-B984-7A0FF87492CA" id="sid-BADD45D9-BF98-4E2A-B984-7A0FF87492CA_gui">
            <omgdc:Bounds height="80.0" width="112.0" x="435.0" y="165.0"/>
            <bpmndi:BPMNLabel labelStyle="sid-c133b4bb-b00c-46e2-a619-c2a5999084bd">
               <omgdc:Bounds height="24.0" width="53.22857666015625" x="464.3857116699219" y="191.0"/>
            </bpmndi:BPMNLabel>
         </bpmndi:BPMNShape>
         <bpmndi:BPMNShape bpmnElement="sid-329C24B6-96D5-4D20-BD84-7966B611275D" id="sid-329C24B6-96D5-4D20-BD84-7966B611275D_gui">
            <omgdc:Bounds height="80.0" width="112.0" x="435.0" y="270.0"/>
            <bpmndi:BPMNLabel labelStyle="sid-c133b4bb-b00c-46e2-a619-c2a5999084bd">
               <omgdc:Bounds height="24.0" width="53.22857666015625" x="464.3857116699219" y="296.0"/>
            </bpmndi:BPMNLabel>
         </bpmndi:BPMNShape>
         <bpmndi:BPMNShape bpmnElement="sid-E4AEF289-0366-4031-93F9-E6D761096E18" id="sid-E4AEF289-0366-4031-93F9-E6D761096E18_gui">
            <omgdc:Bounds height="80.0" width="112.0" x="435.0" y="395.0"/>
            <bpmndi:BPMNLabel labelStyle="sid-c133b4bb-b00c-46e2-a619-c2a5999084bd">
               <omgdc:Bounds height="24.0" width="53.22857666015625" x="464.3857116699219" y="421.0"/>
            </bpmndi:BPMNLabel>
         </bpmndi:BPMNShape>
         <bpmndi:BPMNShape bpmnElement="sid-79F7597A-8FF3-45B7-9AFA-610309EFE864" id="sid-79F7597A-8FF3-45B7-9AFA-610309EFE864_gui">
            <omgdc:Bounds height="28.0" width="28.0" x="800.0" y="241.0"/>
            <bpmndi:BPMNLabel labelStyle="sid-f5c16dc4-0bc0-4020-a05f-13ffb0bccbe0">
               <omgdc:Bounds height="11.0" width="48.7928581237793" x="789.6035709381104" y="271.0"/>
            </bpmndi:BPMNLabel>
         </bpmndi:BPMNShape>
         <bpmndi:BPMNShape bpmnElement="sid-FE4F1B0B-4568-4DFD-9A18-DA1F24F78227" id="sid-FE4F1B0B-4568-4DFD-9A18-DA1F24F78227_gui">
            <omgdc:Bounds height="40.0" width="40.0" x="600.0" y="130.0"/>
            <bpmndi:BPMNLabel labelStyle="sid-f5c16dc4-0bc0-4020-a05f-13ffb0bccbe0">
               <omgdc:Bounds height="12.0" width="55.54286193847656" x="630.5" y="160.5"/>
            </bpmndi:BPMNLabel>
         </bpmndi:BPMNShape>
         <bpmndi:BPMNShape bpmnElement="sid-4A6651E0-C082-4A20-B2F7-2E8B9EFCF885" id="sid-4A6651E0-C082-4A20-B2F7-2E8B9EFCF885_gui">
            <omgdc:Bounds height="40.0" width="40.0" x="600.0" y="340.0"/>
            <bpmndi:BPMNLabel labelStyle="sid-f5c16dc4-0bc0-4020-a05f-13ffb0bccbe0">
               <omgdc:Bounds height="12.0" width="55.54286193847656" x="630.5" y="370.5"/>
            </bpmndi:BPMNLabel>
         </bpmndi:BPMNShape>
         <bpmndi:BPMNShape bpmnElement="sid-940FF2CB-BF54-49A2-94BE-602940556E14" id="sid-940FF2CB-BF54-49A2-94BE-602940556E14_gui">
            <omgdc:Bounds height="40.0" width="40.0" x="715.0" y="235.0"/>
            <bpmndi:BPMNLabel labelStyle="sid-f5c16dc4-0bc0-4020-a05f-13ffb0bccbe0">
               <omgdc:Bounds height="12.0" width="55.5428581237793" x="651.2285709381104" y="262.0"/>
            </bpmndi:BPMNLabel>
         </bpmndi:BPMNShape>
         <bpmndi:BPMNShape bpmnElement="sid-5D69A058-D372-42EF-977C-F49DF555B75D" id="sid-5D69A058-D372-42EF-977C-F49DF555B75D_gui">
            <omgdc:Bounds height="40.0" width="40.0" x="360.0" y="130.0"/>
            <bpmndi:BPMNLabel labelStyle="sid-f5c16dc4-0bc0-4020-a05f-13ffb0bccbe0">
               <omgdc:Bounds height="12.0" width="55.54286193847656" x="390.5" y="160.5"/>
            </bpmndi:BPMNLabel>
         </bpmndi:BPMNShape>
         <bpmndi:BPMNShape bpmnElement="sid-697B7760-A57F-4AAC-8A02-D041583B9437" id="sid-697B7760-A57F-4AAC-8A02-D041583B9437_gui">
            <omgdc:Bounds height="40.0" width="40.0" x="360.0" y="340.0"/>
            <bpmndi:BPMNLabel labelStyle="sid-f5c16dc4-0bc0-4020-a05f-13ffb0bccbe0">
               <omgdc:Bounds height="12.0" width="55.54286193847656" x="390.5" y="370.5"/>
            </bpmndi:BPMNLabel>
         </bpmndi:BPMNShape>
         <bpmndi:BPMNEdge bpmnElement="sid-4090699D-3240-4483-8A07-45DC488A23A6" id="sid-4090699D-3240-4483-8A07-45DC488A23A6_gui">
            <omgdi:waypoint x="145.0" y="255.0"/>
            <omgdi:waypoint x="190.0" y="255.0"/>
         </bpmndi:BPMNEdge>
         <bpmndi:BPMNEdge bpmnElement="sid-C4F73DA3-9364-4AF8-89BD-78826BC64025" id="sid-C4F73DA3-9364-4AF8-89BD-78826BC64025_gui">
            <omgdi:waypoint x="547.0" y="85.0"/>
            <omgdi:waypoint x="620.5" y="85.0"/>
            <omgdi:waypoint x="620.5" y="130.0"/>
         </bpmndi:BPMNEdge>
         <bpmndi:BPMNEdge bpmnElement="sid-10C0C9DD-3B26-4EBF-9941-8CC39E09F01D" id="sid-10C0C9DD-3B26-4EBF-9941-8CC39E09F01D_gui">
            <omgdi:waypoint x="547.0" y="205.0"/>
            <omgdi:waypoint x="620.5" y="205.0"/>
            <omgdi:waypoint x="620.5" y="170.0"/>
         </bpmndi:BPMNEdge>
         <bpmndi:BPMNEdge bpmnElement="sid-CC3B7065-310E-4B00-B2FF-C9491CFE2B9B" id="sid-CC3B7065-310E-4B00-B2FF-C9491CFE2B9B_gui">
            <omgdi:waypoint x="547.0" y="310.0"/>
            <omgdi:waypoint x="620.5" y="310.0"/>
            <omgdi:waypoint x="620.5" y="340.0"/>
         </bpmndi:BPMNEdge>
         <bpmndi:BPMNEdge bpmnElement="sid-161AB1F0-7F4D-4B17-AA9A-86A4C9133AA7" id="sid-161AB1F0-7F4D-4B17-AA9A-86A4C9133AA7_gui">
            <omgdi:waypoint x="547.0" y="435.0"/>
            <omgdi:waypoint x="620.5" y="435.0"/>
            <omgdi:waypoint x="620.5" y="380.0"/>
         </bpmndi:BPMNEdge>
         <bpmndi:BPMNEdge bpmnElement="sid-5F0C908C-CE10-4AD0-99C5-4889E5E7569F" id="sid-5F0C908C-CE10-4AD0-99C5-4889E5E7569F_gui">
            <omgdi:waypoint x="640.0" y="150.5"/>
            <omgdi:waypoint x="735.5" y="150.5"/>
            <omgdi:waypoint x="735.5" y="235.0"/>
         </bpmndi:BPMNEdge>
         <bpmndi:BPMNEdge bpmnElement="sid-DE1BCAD9-C75C-4752-92DC-2B748DDF2075" id="sid-DE1BCAD9-C75C-4752-92DC-2B748DDF2075_gui">
            <omgdi:waypoint x="640.0" y="360.5"/>
            <omgdi:waypoint x="735.5" y="360.5"/>
            <omgdi:waypoint x="735.5" y="275.0"/>
         </bpmndi:BPMNEdge>
         <bpmndi:BPMNEdge bpmnElement="sid-EE2A36D4-046C-46D3-BE0E-3CD57D15E380" id="sid-EE2A36D4-046C-46D3-BE0E-3CD57D15E380_gui">
            <omgdi:waypoint x="755.0" y="255.37579617834396"/>
            <omgdi:waypoint x="800.0" y="255.0891719745223"/>
         </bpmndi:BPMNEdge>
         <bpmndi:BPMNEdge bpmnElement="sid-0B816FDA-4710-4378-8BC2-9016DE6A6D1A" id="sid-0B816FDA-4710-4378-8BC2-9016DE6A6D1A_gui">
            <omgdi:waypoint x="246.0" y="215.0"/>
            <omgdi:waypoint x="246.0" y="150.5"/>
            <omgdi:waypoint x="360.0" y="150.5"/>
         </bpmndi:BPMNEdge>
         <bpmndi:BPMNEdge bpmnElement="sid-064C8AD1-081C-4979-B340-1A1DD3F49DE5" id="sid-064C8AD1-081C-4979-B340-1A1DD3F49DE5_gui">
            <omgdi:waypoint x="246.0" y="295.0"/>
            <omgdi:waypoint x="246.0" y="360.5"/>
            <omgdi:waypoint x="360.0" y="360.5"/>
         </bpmndi:BPMNEdge>
         <bpmndi:BPMNEdge bpmnElement="sid-36CED74C-9626-4264-AC1B-2932D20F6D35" id="sid-36CED74C-9626-4264-AC1B-2932D20F6D35_gui">
            <omgdi:waypoint x="380.5" y="130.0"/>
            <omgdi:waypoint x="380.5" y="85.0"/>
            <omgdi:waypoint x="435.0" y="85.0"/>
         </bpmndi:BPMNEdge>
         <bpmndi:BPMNEdge bpmnElement="sid-D55C47BB-A137-47D9-B3AF-0E715F214815" id="sid-D55C47BB-A137-47D9-B3AF-0E715F214815_gui">
            <omgdi:waypoint x="380.5" y="170.0"/>
            <omgdi:waypoint x="380.5" y="205.0"/>
            <omgdi:waypoint x="435.0" y="205.0"/>
         </bpmndi:BPMNEdge>
         <bpmndi:BPMNEdge bpmnElement="sid-A9D8DC61-447D-4951-BF88-31D2422C9D19" id="sid-A9D8DC61-447D-4951-BF88-31D2422C9D19_gui">
            <omgdi:waypoint x="380.5" y="340.0"/>
            <omgdi:waypoint x="380.5" y="310.0"/>
            <omgdi:waypoint x="435.0" y="310.0"/>
         </bpmndi:BPMNEdge>
         <bpmndi:BPMNEdge bpmnElement="sid-CAF383C9-1FFE-4F12-9ACF-8187A38B8090" id="sid-CAF383C9-1FFE-4F12-9ACF-8187A38B8090_gui">
            <omgdi:waypoint x="380.5" y="380.0"/>
            <omgdi:waypoint x="380.5" y="435.0"/>
            <omgdi:waypoint x="435.0" y="435.0"/>
         </bpmndi:BPMNEdge>
      </bpmndi:BPMNPlane>
      <bpmndi:BPMNLabelStyle id="sid-f5c16dc4-0bc0-4020-a05f-13ffb0bccbe0">
         <omgdc:Font isBold="false" isItalic="false" isStrikeThrough="false" isUnderline="false" name="Arial" size="11.0"/>
      </bpmndi:BPMNLabelStyle>
      <bpmndi:BPMNLabelStyle id="sid-c133b4bb-b00c-46e2-a619-c2a5999084bd">
         <omgdc:Font isBold="false" isItalic="false" isStrikeThrough="false" isUnderline="false" name="Arial" size="12.0"/>
      </bpmndi:BPMNLabelStyle>
   </bpmndi:BPMNDiagram>
</definitions>
