<?xml version="1.0" encoding="UTF-8"?>
<definitions xmlns="http://www.omg.org/spec/BPMN/20100524/MODEL" xmlns:bpmndi="http://www.omg.org/spec/BPMN/20100524/DI" xmlns:omgdc="http://www.omg.org/spec/DD/20100524/DC" xmlns:omgdi="http://www.omg.org/spec/DD/20100524/DI" xmlns:signavio="http://www.signavio.com" xmlns:xsi="http://www.w3.org/2001/XMLSchema-instance" exporter="Signavio Process Editor, http://www.signavio.com" exporterVersion="10.11.0" expressionLanguage="http://www.w3.org/TR/XPath" id="sid-c3ef5156-630c-4ceb-ae45-83c74c617f57" targetNamespace="http://www.signavio.com" typeLanguage="http://www.w3.org/2001/XMLSchema" xsi:schemaLocation="http://www.omg.org/spec/BPMN/20100524/MODEL http://www.omg.org/spec/BPMN/2.0/20100501/BPMN20.xsd">
   <process id="ParallelAlternative_R3" isClosed="false" isExecutable="true" processType="None">
      <extensionElements>
         <signavio:signavioDiagramMetaData metaKey="revisionid" metaValue="bca728e7a85344d3808fa1c79f033497"/>
      </extensionElements>
      <startEvent id="sid-B614AE31-B0BF-4631-A2A5-2EE76511CF77" name="R3.PG Start">
         <extensionElements>
            <signavio:signavioMetaData metaKey="bgcolor" metaValue="#ffffff"/>
            <signavio:signavioMetaData metaKey="preceedingprocesses" metaValue="[]"/>
         </extensionElements>
         <outgoing>sid-4090699D-3240-4483-8A07-45DC488A23A6</outgoing>
      </startEvent>
      <scriptTask completionQuantity="1" id="sid-FA7457AC-E2D8-4F22-A4A6-237F4A333857" isForCompensation="false" name="Empty ST R3.PG.1" scriptFormat="groovy" startQuantity="1">
         <extensionElements>
            <signavio:signavioMetaData metaKey="bgcolor" metaValue="#ffffcc"/>
            <signavio:signavioMetaData metaKey="risklevel" metaValue=""/>
            <signavio:signavioMetaData metaKey="externaldocuments" metaValue="[]"/>
         </extensionElements>
         <incoming>sid-4090699D-3240-4483-8A07-45DC488A23A6</incoming>
         <outgoing>sid-C290F9F3-7D73-42BF-A796-BEFBD2A23259</outgoing>
         <script/>
      </scriptTask>
      <scriptTask completionQuantity="1" id="sid-A7550E5C-AEA1-4E61-8982-3762D9DF1884" isForCompensation="false" name="Empty ST R3.PG.2" scriptFormat="groovy" startQuantity="1">
         <extensionElements>
            <signavio:signavioMetaData metaKey="bgcolor" metaValue="#ffffcc"/>
            <signavio:signavioMetaData metaKey="risklevel" metaValue=""/>
            <signavio:signavioMetaData metaKey="externaldocuments" metaValue="[]"/>
         </extensionElements>
         <incoming>sid-39264330-3095-4402-B5D2-52A3C55EA9F8</incoming>
         <outgoing>sid-C4F73DA3-9364-4AF8-89BD-78826BC64025</outgoing>
         <script/>
      </scriptTask>
      <scriptTask completionQuantity="1" id="sid-BADD45D9-BF98-4E2A-B984-7A0FF87492CA" isForCompensation="false" name="Empty ST R3.PG.3" scriptFormat="groovy" startQuantity="1">
         <extensionElements>
            <signavio:signavioMetaData metaKey="bgcolor" metaValue="#ffffcc"/>
            <signavio:signavioMetaData metaKey="risklevel" metaValue=""/>
            <signavio:signavioMetaData metaKey="externaldocuments" metaValue="[]"/>
         </extensionElements>
         <incoming>sid-6E66396C-EF2C-427D-A313-AE4E8CDE0A93</incoming>
         <outgoing>sid-10C0C9DD-3B26-4EBF-9941-8CC39E09F01D</outgoing>
         <script/>
      </scriptTask>
      <scriptTask completionQuantity="1" id="sid-329C24B6-96D5-4D20-BD84-7966B611275D" isForCompensation="false" name="Empty ST R3.PG.4" scriptFormat="groovy" startQuantity="1">
         <extensionElements>
            <signavio:signavioMetaData metaKey="bgcolor" metaValue="#ffffcc"/>
            <signavio:signavioMetaData metaKey="risklevel" metaValue=""/>
            <signavio:signavioMetaData metaKey="externaldocuments" metaValue="[]"/>
         </extensionElements>
         <incoming>sid-BBB837D3-DA65-4A4F-B0A8-DD086A79130C</incoming>
         <outgoing>sid-CC3B7065-310E-4B00-B2FF-C9491CFE2B9B</outgoing>
         <script/>
      </scriptTask>
      <scriptTask completionQuantity="1" id="sid-E4AEF289-0366-4031-93F9-E6D761096E18" isForCompensation="false" name="Empty ST R3.PG.5" scriptFormat="groovy" startQuantity="1">
         <extensionElements>
            <signavio:signavioMetaData metaKey="bgcolor" metaValue="#ffffcc"/>
            <signavio:signavioMetaData metaKey="risklevel" metaValue=""/>
            <signavio:signavioMetaData metaKey="externaldocuments" metaValue="[]"/>
         </extensionElements>
         <incoming>sid-5F7E9D42-F625-4833-9D3D-D931567198AF</incoming>
         <outgoing>sid-161AB1F0-7F4D-4B17-AA9A-86A4C9133AA7</outgoing>
         <script/>
      </scriptTask>
      <endEvent id="sid-79F7597A-8FF3-45B7-9AFA-610309EFE864" name="R3.PG End">
         <extensionElements>
            <signavio:signavioMetaData metaKey="bgcolor" metaValue="#ffffff"/>
            <signavio:signavioMetaData metaKey="followingprocesses" metaValue="[]"/>
         </extensionElements>
         <incoming>sid-EE2A36D4-046C-46D3-BE0E-3CD57D15E380</incoming>
      </endEvent>
      <inclusiveGateway gatewayDirection="Diverging" id="sid-84E869D6-D869-45CF-A342-C15E230F9B21" name="IG R3.PG.1">
         <extensionElements>
            <signavio:signavioMetaData metaKey="bgcolor" metaValue="#ffffff"/>
         </extensionElements>
         <incoming>sid-C290F9F3-7D73-42BF-A796-BEFBD2A23259</incoming>
         <outgoing>sid-9DAA9D13-4056-4C62-A2C6-F70FE05A6E71</outgoing>
         <outgoing>sid-13D19B8C-FF02-410E-B414-CABDB685AE86</outgoing>
      </inclusiveGateway>
      <inclusiveGateway gatewayDirection="Diverging" id="sid-5543C1DE-0521-41DE-AFD5-528A195E743E" name="IG R3.PG.2">
         <extensionElements>
            <signavio:signavioMetaData metaKey="bgcolor" metaValue="#ffffff"/>
         </extensionElements>
         <incoming>sid-9DAA9D13-4056-4C62-A2C6-F70FE05A6E71</incoming>
         <outgoing>sid-39264330-3095-4402-B5D2-52A3C55EA9F8</outgoing>
         <outgoing>sid-6E66396C-EF2C-427D-A313-AE4E8CDE0A93</outgoing>
      </inclusiveGateway>
      <inclusiveGateway gatewayDirection="Diverging" id="sid-59DE1940-18ED-4430-A10C-D456F1189ADD" name="IG R3.PG.4">
         <extensionElements>
            <signavio:signavioMetaData metaKey="bgcolor" metaValue="#ffffff"/>
         </extensionElements>
         <incoming>sid-13D19B8C-FF02-410E-B414-CABDB685AE86</incoming>
         <outgoing>sid-BBB837D3-DA65-4A4F-B0A8-DD086A79130C</outgoing>
         <outgoing>sid-5F7E9D42-F625-4833-9D3D-D931567198AF</outgoing>
      </inclusiveGateway>
      <inclusiveGateway gatewayDirection="Converging" id="sid-FE4F1B0B-4568-4DFD-9A18-DA1F24F78227" name="IG R3.PG.3">
         <extensionElements>
            <signavio:signavioMetaData metaKey="bgcolor" metaValue="#ffffff"/>
         </extensionElements>
         <incoming>sid-C4F73DA3-9364-4AF8-89BD-78826BC64025</incoming>
         <incoming>sid-10C0C9DD-3B26-4EBF-9941-8CC39E09F01D</incoming>
         <outgoing>sid-5F0C908C-CE10-4AD0-99C5-4889E5E7569F</outgoing>
      </inclusiveGateway>
      <inclusiveGateway gatewayDirection="Converging" id="sid-4A6651E0-C082-4A20-B2F7-2E8B9EFCF885" name="IG R3.PG.5">
         <extensionElements>
            <signavio:signavioMetaData metaKey="bgcolor" metaValue="#ffffff"/>
         </extensionElements>
         <incoming>sid-CC3B7065-310E-4B00-B2FF-C9491CFE2B9B</incoming>
         <incoming>sid-161AB1F0-7F4D-4B17-AA9A-86A4C9133AA7</incoming>
         <outgoing>sid-DE1BCAD9-C75C-4752-92DC-2B748DDF2075</outgoing>
      </inclusiveGateway>
      <inclusiveGateway gatewayDirection="Converging" id="sid-940FF2CB-BF54-49A2-94BE-602940556E14" name="IG R3.PG.6">
         <extensionElements>
            <signavio:signavioMetaData metaKey="bgcolor" metaValue="#ffffff"/>
            <signavio:signavioLabel align="center" ref="text_name" valign="middle" x="-36.0" y="35.0"/>
         </extensionElements>
         <incoming>sid-5F0C908C-CE10-4AD0-99C5-4889E5E7569F</incoming>
         <incoming>sid-DE1BCAD9-C75C-4752-92DC-2B748DDF2075</incoming>
         <outgoing>sid-EE2A36D4-046C-46D3-BE0E-3CD57D15E380</outgoing>
      </inclusiveGateway>
      <sequenceFlow id="sid-4090699D-3240-4483-8A07-45DC488A23A6" name="" sourceRef="sid-B614AE31-B0BF-4631-A2A5-2EE76511CF77" targetRef="sid-FA7457AC-E2D8-4F22-A4A6-237F4A333857"/>
      <sequenceFlow id="sid-C290F9F3-7D73-42BF-A796-BEFBD2A23259" name="" sourceRef="sid-FA7457AC-E2D8-4F22-A4A6-237F4A333857" targetRef="sid-84E869D6-D869-45CF-A342-C15E230F9B21"/>
      <sequenceFlow id="sid-9DAA9D13-4056-4C62-A2C6-F70FE05A6E71" name="" sourceRef="sid-84E869D6-D869-45CF-A342-C15E230F9B21" targetRef="sid-5543C1DE-0521-41DE-AFD5-528A195E743E">
         <conditionExpression id="sid-f35bd4a7-8cde-4d46-a02a-9cc4738d9426" xsi:type="tFormalExpression">1==1</conditionExpression>
      </sequenceFlow>
      <sequenceFlow id="sid-39264330-3095-4402-B5D2-52A3C55EA9F8" name="" sourceRef="sid-5543C1DE-0521-41DE-AFD5-528A195E743E" targetRef="sid-A7550E5C-AEA1-4E61-8982-3762D9DF1884">
         <conditionExpression id="sid-5f9a4135-54e8-4b9c-917f-bd3fec976730" xsi:type="tFormalExpression">1==1</conditionExpression>
      </sequenceFlow>
      <sequenceFlow id="sid-6E66396C-EF2C-427D-A313-AE4E8CDE0A93" name="" sourceRef="sid-5543C1DE-0521-41DE-AFD5-528A195E743E" targetRef="sid-BADD45D9-BF98-4E2A-B984-7A0FF87492CA">
         <conditionExpression id="sid-4926c449-b52f-4e93-a8b5-02e73e917cf7" xsi:type="tFormalExpression">1==1</conditionExpression>
      </sequenceFlow>
      <sequenceFlow id="sid-13D19B8C-FF02-410E-B414-CABDB685AE86" name="" sourceRef="sid-84E869D6-D869-45CF-A342-C15E230F9B21" targetRef="sid-59DE1940-18ED-4430-A10C-D456F1189ADD">
         <conditionExpression id="sid-6fff78e9-99e6-46ba-85ee-4664ddd865ee" xsi:type="tFormalExpression">1==1</conditionExpression>
      </sequenceFlow>
      <sequenceFlow id="sid-BBB837D3-DA65-4A4F-B0A8-DD086A79130C" name="" sourceRef="sid-59DE1940-18ED-4430-A10C-D456F1189ADD" targetRef="sid-329C24B6-96D5-4D20-BD84-7966B611275D">
         <conditionExpression id="sid-aef447d6-00a0-4ef5-9859-3e0fc7754c61" xsi:type="tFormalExpression">1==1</conditionExpression>
      </sequenceFlow>
      <sequenceFlow id="sid-5F7E9D42-F625-4833-9D3D-D931567198AF" name="" sourceRef="sid-59DE1940-18ED-4430-A10C-D456F1189ADD" targetRef="sid-E4AEF289-0366-4031-93F9-E6D761096E18">
         <conditionExpression id="sid-d2fc1079-9b51-4076-8136-16e873ed191a" xsi:type="tFormalExpression">1==1</conditionExpression>
      </sequenceFlow>
      <sequenceFlow id="sid-C4F73DA3-9364-4AF8-89BD-78826BC64025" name="" sourceRef="sid-A7550E5C-AEA1-4E61-8982-3762D9DF1884" targetRef="sid-FE4F1B0B-4568-4DFD-9A18-DA1F24F78227"/>
      <sequenceFlow id="sid-10C0C9DD-3B26-4EBF-9941-8CC39E09F01D" name="" sourceRef="sid-BADD45D9-BF98-4E2A-B984-7A0FF87492CA" targetRef="sid-FE4F1B0B-4568-4DFD-9A18-DA1F24F78227"/>
      <sequenceFlow id="sid-CC3B7065-310E-4B00-B2FF-C9491CFE2B9B" name="" sourceRef="sid-329C24B6-96D5-4D20-BD84-7966B611275D" targetRef="sid-4A6651E0-C082-4A20-B2F7-2E8B9EFCF885"/>
      <sequenceFlow id="sid-161AB1F0-7F4D-4B17-AA9A-86A4C9133AA7" name="" sourceRef="sid-E4AEF289-0366-4031-93F9-E6D761096E18" targetRef="sid-4A6651E0-C082-4A20-B2F7-2E8B9EFCF885"/>
      <sequenceFlow id="sid-5F0C908C-CE10-4AD0-99C5-4889E5E7569F" name="" sourceRef="sid-FE4F1B0B-4568-4DFD-9A18-DA1F24F78227" targetRef="sid-940FF2CB-BF54-49A2-94BE-602940556E14"/>
      <sequenceFlow id="sid-DE1BCAD9-C75C-4752-92DC-2B748DDF2075" name="" sourceRef="sid-4A6651E0-C082-4A20-B2F7-2E8B9EFCF885" targetRef="sid-940FF2CB-BF54-49A2-94BE-602940556E14"/>
      <sequenceFlow id="sid-EE2A36D4-046C-46D3-BE0E-3CD57D15E380" name="" sourceRef="sid-940FF2CB-BF54-49A2-94BE-602940556E14" targetRef="sid-79F7597A-8FF3-45B7-9AFA-610309EFE864"/>
   </process>
   <bpmndi:BPMNDiagram id="sid-e6f47c57-222f-44b9-82f5-5ef6c3949a55">
      <bpmndi:BPMNPlane bpmnElement="ParallelAlternative_R3" id="sid-26108744-42e1-4bcd-92fb-dda0a721bb20">
         <bpmndi:BPMNShape bpmnElement="sid-B614AE31-B0BF-4631-A2A5-2EE76511CF77" id="sid-B614AE31-B0BF-4631-A2A5-2EE76511CF77_gui">
            <omgdc:Bounds height="30.0" width="30.0" x="75.0" y="240.0"/>
            <bpmndi:BPMNLabel labelStyle="sid-d452bee6-bfb0-450c-ab0b-a2e1e8da2170">
               <omgdc:Bounds height="11.0" width="59.400001525878906" x="60.29999923706055" y="272.0"/>
            </bpmndi:BPMNLabel>
         </bpmndi:BPMNShape>
         <bpmndi:BPMNShape bpmnElement="sid-FA7457AC-E2D8-4F22-A4A6-237F4A333857" id="sid-FA7457AC-E2D8-4F22-A4A6-237F4A333857_gui">
            <omgdc:Bounds height="80.0" width="112.0" x="150.0" y="215.0"/>
            <bpmndi:BPMNLabel labelStyle="sid-30252f85-ab60-420d-8f49-71a1486660c0">
               <omgdc:Bounds height="12.0" width="101.05714416503906" x="155.47142791748047" y="247.0"/>
            </bpmndi:BPMNLabel>
         </bpmndi:BPMNShape>
         <bpmndi:BPMNShape bpmnElement="sid-A7550E5C-AEA1-4E61-8982-3762D9DF1884" id="sid-A7550E5C-AEA1-4E61-8982-3762D9DF1884_gui">
            <omgdc:Bounds height="80.0" width="112.0" x="495.0" y="45.0"/>
            <bpmndi:BPMNLabel labelStyle="sid-30252f85-ab60-420d-8f49-71a1486660c0">
               <omgdc:Bounds height="12.0" width="101.05714416503906" x="500.47142791748047" y="77.0"/>
            </bpmndi:BPMNLabel>
         </bpmndi:BPMNShape>
         <bpmndi:BPMNShape bpmnElement="sid-BADD45D9-BF98-4E2A-B984-7A0FF87492CA" id="sid-BADD45D9-BF98-4E2A-B984-7A0FF87492CA_gui">
            <omgdc:Bounds height="80.0" width="112.0" x="495.0" y="165.0"/>
            <bpmndi:BPMNLabel labelStyle="sid-30252f85-ab60-420d-8f49-71a1486660c0">
               <omgdc:Bounds height="12.0" width="101.05714416503906" x="500.47142791748047" y="197.0"/>
            </bpmndi:BPMNLabel>
         </bpmndi:BPMNShape>
         <bpmndi:BPMNShape bpmnElement="sid-329C24B6-96D5-4D20-BD84-7966B611275D" id="sid-329C24B6-96D5-4D20-BD84-7966B611275D_gui">
            <omgdc:Bounds height="80.0" width="112.0" x="495.0" y="270.0"/>
            <bpmndi:BPMNLabel labelStyle="sid-30252f85-ab60-420d-8f49-71a1486660c0">
               <omgdc:Bounds height="12.0" width="101.05714416503906" x="500.47142791748047" y="302.0"/>
            </bpmndi:BPMNLabel>
         </bpmndi:BPMNShape>
         <bpmndi:BPMNShape bpmnElement="sid-E4AEF289-0366-4031-93F9-E6D761096E18" id="sid-E4AEF289-0366-4031-93F9-E6D761096E18_gui">
            <omgdc:Bounds height="80.0" width="112.0" x="495.0" y="395.0"/>
            <bpmndi:BPMNLabel labelStyle="sid-30252f85-ab60-420d-8f49-71a1486660c0">
               <omgdc:Bounds height="12.0" width="101.05714416503906" x="500.47142791748047" y="427.0"/>
            </bpmndi:BPMNLabel>
         </bpmndi:BPMNShape>
         <bpmndi:BPMNShape bpmnElement="sid-79F7597A-8FF3-45B7-9AFA-610309EFE864" id="sid-79F7597A-8FF3-45B7-9AFA-610309EFE864_gui">
            <omgdc:Bounds height="28.0" width="28.0" x="840.0" y="241.0"/>
            <bpmndi:BPMNLabel labelStyle="sid-d452bee6-bfb0-450c-ab0b-a2e1e8da2170">
               <omgdc:Bounds height="11.0" width="53.03571319580078" x="827.4821434020996" y="271.0"/>
            </bpmndi:BPMNLabel>
         </bpmndi:BPMNShape>
         <bpmndi:BPMNShape bpmnElement="sid-84E869D6-D869-45CF-A342-C15E230F9B21" id="sid-84E869D6-D869-45CF-A342-C15E230F9B21_gui">
            <omgdc:Bounds height="40.0" width="40.0" x="300.0" y="235.0"/>
            <bpmndi:BPMNLabel labelStyle="sid-d452bee6-bfb0-450c-ab0b-a2e1e8da2170">
               <omgdc:Bounds height="12.0" width="60.17143249511719" x="330.5" y="265.5"/>
            </bpmndi:BPMNLabel>
         </bpmndi:BPMNShape>
         <bpmndi:BPMNShape bpmnElement="sid-5543C1DE-0521-41DE-AFD5-528A195E743E" id="sid-5543C1DE-0521-41DE-AFD5-528A195E743E_gui">
            <omgdc:Bounds height="40.0" width="40.0" x="385.0" y="130.0"/>
            <bpmndi:BPMNLabel labelStyle="sid-d452bee6-bfb0-450c-ab0b-a2e1e8da2170">
               <omgdc:Bounds height="12.0" width="60.17143249511719" x="415.5" y="160.5"/>
            </bpmndi:BPMNLabel>
         </bpmndi:BPMNShape>
         <bpmndi:BPMNShape bpmnElement="sid-59DE1940-18ED-4430-A10C-D456F1189ADD" id="sid-59DE1940-18ED-4430-A10C-D456F1189ADD_gui">
            <omgdc:Bounds height="40.0" width="40.0" x="385.0" y="340.0"/>
            <bpmndi:BPMNLabel labelStyle="sid-d452bee6-bfb0-450c-ab0b-a2e1e8da2170">
               <omgdc:Bounds height="12.0" width="60.17143249511719" x="415.5" y="370.5"/>
            </bpmndi:BPMNLabel>
         </bpmndi:BPMNShape>
         <bpmndi:BPMNShape bpmnElement="sid-FE4F1B0B-4568-4DFD-9A18-DA1F24F78227" id="sid-FE4F1B0B-4568-4DFD-9A18-DA1F24F78227_gui">
            <omgdc:Bounds height="40.0" width="40.0" x="640.0" y="130.0"/>
            <bpmndi:BPMNLabel labelStyle="sid-d452bee6-bfb0-450c-ab0b-a2e1e8da2170">
               <omgdc:Bounds height="12.0" width="60.17143249511719" x="670.5" y="160.5"/>
            </bpmndi:BPMNLabel>
         </bpmndi:BPMNShape>
         <bpmndi:BPMNShape bpmnElement="sid-4A6651E0-C082-4A20-B2F7-2E8B9EFCF885" id="sid-4A6651E0-C082-4A20-B2F7-2E8B9EFCF885_gui">
            <omgdc:Bounds height="40.0" width="40.0" x="640.0" y="340.0"/>
            <bpmndi:BPMNLabel labelStyle="sid-d452bee6-bfb0-450c-ab0b-a2e1e8da2170">
               <omgdc:Bounds height="12.0" width="60.17143249511719" x="670.5" y="370.5"/>
            </bpmndi:BPMNLabel>
         </bpmndi:BPMNShape>
         <bpmndi:BPMNShape bpmnElement="sid-940FF2CB-BF54-49A2-94BE-602940556E14" id="sid-940FF2CB-BF54-49A2-94BE-602940556E14_gui">
            <omgdc:Bounds height="40.0" width="40.0" x="755.0" y="235.0"/>
            <bpmndi:BPMNLabel labelStyle="sid-d452bee6-bfb0-450c-ab0b-a2e1e8da2170">
               <omgdc:Bounds height="12.0" width="60.17142868041992" x="688.91428565979" y="262.0"/>
            </bpmndi:BPMNLabel>
         </bpmndi:BPMNShape>
         <bpmndi:BPMNEdge bpmnElement="sid-4090699D-3240-4483-8A07-45DC488A23A6" id="sid-4090699D-3240-4483-8A07-45DC488A23A6_gui">
            <omgdi:waypoint x="105.0" y="255.0"/>
            <omgdi:waypoint x="150.0" y="255.0"/>
         </bpmndi:BPMNEdge>
         <bpmndi:BPMNEdge bpmnElement="sid-C290F9F3-7D73-42BF-A796-BEFBD2A23259" id="sid-C290F9F3-7D73-42BF-A796-BEFBD2A23259_gui">
            <omgdi:waypoint x="262.0" y="255.24454148471617"/>
            <omgdi:waypoint x="300.0" y="255.410480349345"/>
         </bpmndi:BPMNEdge>
         <bpmndi:BPMNEdge bpmnElement="sid-9DAA9D13-4056-4C62-A2C6-F70FE05A6E71" id="sid-9DAA9D13-4056-4C62-A2C6-F70FE05A6E71_gui">
            <omgdi:waypoint x="320.5" y="235.0"/>
            <omgdi:waypoint x="320.5" y="150.5"/>
            <omgdi:waypoint x="385.0" y="150.5"/>
         </bpmndi:BPMNEdge>
         <bpmndi:BPMNEdge bpmnElement="sid-39264330-3095-4402-B5D2-52A3C55EA9F8" id="sid-39264330-3095-4402-B5D2-52A3C55EA9F8_gui">
            <omgdi:waypoint x="405.5" y="130.0"/>
            <omgdi:waypoint x="405.5" y="85.0"/>
            <omgdi:waypoint x="495.0" y="85.0"/>
         </bpmndi:BPMNEdge>
         <bpmndi:BPMNEdge bpmnElement="sid-6E66396C-EF2C-427D-A313-AE4E8CDE0A93" id="sid-6E66396C-EF2C-427D-A313-AE4E8CDE0A93_gui">
            <omgdi:waypoint x="405.5" y="170.0"/>
            <omgdi:waypoint x="405.5" y="205.0"/>
            <omgdi:waypoint x="495.0" y="205.0"/>
         </bpmndi:BPMNEdge>
         <bpmndi:BPMNEdge bpmnElement="sid-13D19B8C-FF02-410E-B414-CABDB685AE86" id="sid-13D19B8C-FF02-410E-B414-CABDB685AE86_gui">
            <omgdi:waypoint x="320.5" y="275.0"/>
            <omgdi:waypoint x="320.5" y="360.5"/>
            <omgdi:waypoint x="385.0" y="360.5"/>
         </bpmndi:BPMNEdge>
         <bpmndi:BPMNEdge bpmnElement="sid-BBB837D3-DA65-4A4F-B0A8-DD086A79130C" id="sid-BBB837D3-DA65-4A4F-B0A8-DD086A79130C_gui">
            <omgdi:waypoint x="405.5" y="340.0"/>
            <omgdi:waypoint x="405.5" y="310.0"/>
            <omgdi:waypoint x="495.0" y="310.0"/>
         </bpmndi:BPMNEdge>
         <bpmndi:BPMNEdge bpmnElement="sid-5F7E9D42-F625-4833-9D3D-D931567198AF" id="sid-5F7E9D42-F625-4833-9D3D-D931567198AF_gui">
            <omgdi:waypoint x="405.5" y="380.0"/>
            <omgdi:waypoint x="405.5" y="435.0"/>
            <omgdi:waypoint x="495.0" y="435.0"/>
         </bpmndi:BPMNEdge>
         <bpmndi:BPMNEdge bpmnElement="sid-C4F73DA3-9364-4AF8-89BD-78826BC64025" id="sid-C4F73DA3-9364-4AF8-89BD-78826BC64025_gui">
            <omgdi:waypoint x="607.0" y="85.0"/>
            <omgdi:waypoint x="660.5" y="85.0"/>
            <omgdi:waypoint x="660.5" y="130.0"/>
         </bpmndi:BPMNEdge>
         <bpmndi:BPMNEdge bpmnElement="sid-10C0C9DD-3B26-4EBF-9941-8CC39E09F01D" id="sid-10C0C9DD-3B26-4EBF-9941-8CC39E09F01D_gui">
            <omgdi:waypoint x="607.0" y="205.0"/>
            <omgdi:waypoint x="660.5" y="205.0"/>
            <omgdi:waypoint x="660.5" y="170.0"/>
         </bpmndi:BPMNEdge>
         <bpmndi:BPMNEdge bpmnElement="sid-CC3B7065-310E-4B00-B2FF-C9491CFE2B9B" id="sid-CC3B7065-310E-4B00-B2FF-C9491CFE2B9B_gui">
            <omgdi:waypoint x="607.0" y="310.0"/>
            <omgdi:waypoint x="660.5" y="310.0"/>
            <omgdi:waypoint x="660.5" y="340.0"/>
         </bpmndi:BPMNEdge>
         <bpmndi:BPMNEdge bpmnElement="sid-161AB1F0-7F4D-4B17-AA9A-86A4C9133AA7" id="sid-161AB1F0-7F4D-4B17-AA9A-86A4C9133AA7_gui">
            <omgdi:waypoint x="607.0" y="435.0"/>
            <omgdi:waypoint x="660.5" y="435.0"/>
            <omgdi:waypoint x="660.5" y="380.0"/>
         </bpmndi:BPMNEdge>
         <bpmndi:BPMNEdge bpmnElement="sid-5F0C908C-CE10-4AD0-99C5-4889E5E7569F" id="sid-5F0C908C-CE10-4AD0-99C5-4889E5E7569F_gui">
            <omgdi:waypoint x="680.0" y="150.5"/>
            <omgdi:waypoint x="775.5" y="150.5"/>
            <omgdi:waypoint x="775.5" y="235.0"/>
         </bpmndi:BPMNEdge>
         <bpmndi:BPMNEdge bpmnElement="sid-DE1BCAD9-C75C-4752-92DC-2B748DDF2075" id="sid-DE1BCAD9-C75C-4752-92DC-2B748DDF2075_gui">
            <omgdi:waypoint x="680.0" y="360.5"/>
            <omgdi:waypoint x="775.5" y="360.5"/>
            <omgdi:waypoint x="775.5" y="275.0"/>
         </bpmndi:BPMNEdge>
         <bpmndi:BPMNEdge bpmnElement="sid-EE2A36D4-046C-46D3-BE0E-3CD57D15E380" id="sid-EE2A36D4-046C-46D3-BE0E-3CD57D15E380_gui">
            <omgdi:waypoint x="795.0" y="255.37579617834396"/>
            <omgdi:waypoint x="840.0" y="255.0891719745223"/>
         </bpmndi:BPMNEdge>
      </bpmndi:BPMNPlane>
      <bpmndi:BPMNLabelStyle id="sid-d452bee6-bfb0-450c-ab0b-a2e1e8da2170">
         <omgdc:Font isBold="false" isItalic="false" isStrikeThrough="false" isUnderline="false" name="Arial" size="11.0"/>
      </bpmndi:BPMNLabelStyle>
      <bpmndi:BPMNLabelStyle id="sid-30252f85-ab60-420d-8f49-71a1486660c0">
         <omgdc:Font isBold="false" isItalic="false" isStrikeThrough="false" isUnderline="false" name="Arial" size="12.0"/>
      </bpmndi:BPMNLabelStyle>
   </bpmndi:BPMNDiagram>
</definitions>
