<?xml version="1.0" encoding="UTF-8"?>
<definitions xmlns="http://www.omg.org/spec/BPMN/20100524/MODEL" xmlns:bpmndi="http://www.omg.org/spec/BPMN/20100524/DI" xmlns:omgdc="http://www.omg.org/spec/DD/20100524/DC" xmlns:omgdi="http://www.omg.org/spec/DD/20100524/DI" xmlns:signavio="http://www.signavio.com" xmlns:xsi="http://www.w3.org/2001/XMLSchema-instance" exporter="Signavio Process Editor, http://www.signavio.com" exporterVersion="10.11.0" expressionLanguage="http://www.w3.org/TR/XPath" id="sid-5d8ffc4e-58cc-4b21-90cf-cb791e0a1d6b" targetNamespace="http://www.signavio.com" typeLanguage="http://www.w3.org/2001/XMLSchema" xsi:schemaLocation="http://www.omg.org/spec/BPMN/20100524/MODEL http://www.omg.org/spec/BPMN/2.0/20100501/BPMN20.xsd">
   <process id="ParallelMultipleEvents_R5" isClosed="false" isExecutable="true" processType="None">
      <extensionElements>
         <signavio:signavioDiagramMetaData metaKey="revisionid" metaValue="8b5ba407e3d9493ca0752b8b0102fdc6"/>
      </extensionElements>
      <startEvent id="sid-B614AE31-B0BF-4631-A2A5-2EE76511CF77" name="R5.PG Start">
         <extensionElements>
            <signavio:signavioMetaData metaKey="bgcolor" metaValue="#ffffff"/>
            <signavio:signavioMetaData metaKey="preceedingprocesses" metaValue="[]"/>
         </extensionElements>
         <outgoing>sid-4090699D-3240-4483-8A07-45DC488A23A6</outgoing>
      </startEvent>
      <scriptTask completionQuantity="1" id="sid-FA7457AC-E2D8-4F22-A4A6-237F4A333857" isForCompensation="false" name="Empty ST R5.PG.1" scriptFormat="groovy" startQuantity="1">
         <extensionElements>
            <signavio:signavioMetaData metaKey="bgcolor" metaValue="#ffffcc"/>
            <signavio:signavioMetaData metaKey="risklevel" metaValue=""/>
            <signavio:signavioMetaData metaKey="externaldocuments" metaValue="[]"/>
         </extensionElements>
         <incoming>sid-4090699D-3240-4483-8A07-45DC488A23A6</incoming>
         <outgoing>sid-7000BA52-F61F-46C8-B4D9-3A6A41A82EB5</outgoing>
         <script/>
      </scriptTask>
      <parallelGateway gatewayDirection="Diverging" id="sid-26CFC0AE-CCC7-4545-92E8-F88C6BA44C33" name="PG R5.PG.1">
         <extensionElements>
            <signavio:signavioMetaData metaKey="bgcolor" metaValue="#ffffff"/>
         </extensionElements>
         <incoming>sid-7000BA52-F61F-46C8-B4D9-3A6A41A82EB5</incoming>
         <outgoing>sid-ABB5AD5D-859B-484A-A7E9-379A06C818A5</outgoing>
         <outgoing>sid-8682BD59-C4A9-4E48-81B1-1A859EA0E3A4</outgoing>
      </parallelGateway>
      <parallelGateway gatewayDirection="Diverging" id="sid-24563264-9E7F-4065-B18B-5776AD22039E" name="PG R5.PG.2">
         <extensionElements>
            <signavio:signavioMetaData metaKey="bgcolor" metaValue="#ffffff"/>
         </extensionElements>
         <incoming>sid-ABB5AD5D-859B-484A-A7E9-379A06C818A5</incoming>
         <outgoing>sid-AF05EA24-440D-496F-B7AE-F85664501E97</outgoing>
         <outgoing>sid-FAF68895-EE74-46B0-8E04-87E7AEDAE0F6</outgoing>
      </parallelGateway>
      <parallelGateway gatewayDirection="Diverging" id="sid-B59AF1B4-7355-4FE3-A094-5C0CED212F3B" name="PG R5.PG.4">
         <extensionElements>
            <signavio:signavioMetaData metaKey="bgcolor" metaValue="#ffffff"/>
         </extensionElements>
         <incoming>sid-8682BD59-C4A9-4E48-81B1-1A859EA0E3A4</incoming>
         <outgoing>sid-B8C72487-EDAF-4B3C-8519-B4E21724C47D</outgoing>
         <outgoing>sid-FF8F1720-6568-4529-9741-5D79951B7C74</outgoing>
      </parallelGateway>
      <scriptTask completionQuantity="1" id="sid-A7550E5C-AEA1-4E61-8982-3762D9DF1884" isForCompensation="false" name="Empty ST R5.PG.2" scriptFormat="groovy" startQuantity="1">
         <extensionElements>
            <signavio:signavioMetaData metaKey="bgcolor" metaValue="#ffffcc"/>
            <signavio:signavioMetaData metaKey="risklevel" metaValue=""/>
            <signavio:signavioMetaData metaKey="externaldocuments" metaValue="[]"/>
         </extensionElements>
         <incoming>sid-AF05EA24-440D-496F-B7AE-F85664501E97</incoming>
         <outgoing>sid-71893225-3BD9-4C64-B907-3FB83C50BDAA</outgoing>
         <script/>
      </scriptTask>
      <scriptTask completionQuantity="1" id="sid-BADD45D9-BF98-4E2A-B984-7A0FF87492CA" isForCompensation="false" name="Empty ST R5.PG.3" scriptFormat="groovy" startQuantity="1">
         <extensionElements>
            <signavio:signavioMetaData metaKey="bgcolor" metaValue="#ffffcc"/>
            <signavio:signavioMetaData metaKey="risklevel" metaValue=""/>
            <signavio:signavioMetaData metaKey="externaldocuments" metaValue="[]"/>
         </extensionElements>
         <incoming>sid-FAF68895-EE74-46B0-8E04-87E7AEDAE0F6</incoming>
         <outgoing>sid-9E3F2271-76F5-4FA6-8F7F-86CF29A80D0E</outgoing>
         <script/>
      </scriptTask>
      <scriptTask completionQuantity="1" id="sid-329C24B6-96D5-4D20-BD84-7966B611275D" isForCompensation="false" name="Empty ST R5.PG.4" scriptFormat="groovy" startQuantity="1">
         <extensionElements>
            <signavio:signavioMetaData metaKey="bgcolor" metaValue="#ffffcc"/>
            <signavio:signavioMetaData metaKey="risklevel" metaValue=""/>
            <signavio:signavioMetaData metaKey="externaldocuments" metaValue="[]"/>
         </extensionElements>
         <incoming>sid-B8C72487-EDAF-4B3C-8519-B4E21724C47D</incoming>
         <outgoing>sid-0FC241EF-84F3-4B8F-849F-50DCC17C2881</outgoing>
         <script/>
      </scriptTask>
      <scriptTask completionQuantity="1" id="sid-E4AEF289-0366-4031-93F9-E6D761096E18" isForCompensation="false" name="Empty ST R5.PG.5" scriptFormat="groovy" startQuantity="1">
         <extensionElements>
            <signavio:signavioMetaData metaKey="bgcolor" metaValue="#ffffcc"/>
            <signavio:signavioMetaData metaKey="risklevel" metaValue=""/>
            <signavio:signavioMetaData metaKey="externaldocuments" metaValue="[]"/>
         </extensionElements>
         <incoming>sid-FF8F1720-6568-4529-9741-5D79951B7C74</incoming>
         <outgoing>sid-21D5A053-8CFB-48B5-AFD3-9A9E36ED02EC</outgoing>
         <script/>
      </scriptTask>
      <parallelGateway gatewayDirection="Converging" id="sid-701DAC9B-E4DE-408B-8095-2921EAEFBD3E" name="PG R5.PG.3">
         <extensionElements>
            <signavio:signavioMetaData metaKey="bgcolor" metaValue="#ffffff"/>
         </extensionElements>
         <incoming>sid-71893225-3BD9-4C64-B907-3FB83C50BDAA</incoming>
         <incoming>sid-9E3F2271-76F5-4FA6-8F7F-86CF29A80D0E</incoming>
         <outgoing>sid-50EA2D8E-1CBB-4152-B96F-BB0C5B5666E1</outgoing>
      </parallelGateway>
      <parallelGateway gatewayDirection="Converging" id="sid-0D616434-9CFA-441A-968E-D4CE81CBEDF4" name="PG R5.PG.5">
         <extensionElements>
            <signavio:signavioMetaData metaKey="bgcolor" metaValue="#ffffff"/>
         </extensionElements>
         <incoming>sid-0FC241EF-84F3-4B8F-849F-50DCC17C2881</incoming>
         <incoming>sid-21D5A053-8CFB-48B5-AFD3-9A9E36ED02EC</incoming>
         <outgoing>sid-5319F2AD-43F7-42E0-B0A2-6BC38B82307A</outgoing>
      </parallelGateway>
      <endEvent id="sid-2734BF6A-A61C-4E2C-80C3-E3D4FB313DB0" name="R5.PG.1 End">
         <extensionElements>
            <signavio:signavioMetaData metaKey="bgcolor" metaValue="#ffffff"/>
            <signavio:signavioMetaData metaKey="followingprocesses" metaValue=""/>
         </extensionElements>
         <incoming>sid-50EA2D8E-1CBB-4152-B96F-BB0C5B5666E1</incoming>
      </endEvent>
      <endEvent id="sid-466D7190-399A-4BCD-9DAF-904F895597B8" name="R5.PG.2 End">
         <extensionElements>
            <signavio:signavioMetaData metaKey="bgcolor" metaValue="#ffffff"/>
            <signavio:signavioMetaData metaKey="followingprocesses" metaValue=""/>
         </extensionElements>
         <incoming>sid-5319F2AD-43F7-42E0-B0A2-6BC38B82307A</incoming>
      </endEvent>
      <sequenceFlow id="sid-4090699D-3240-4483-8A07-45DC488A23A6" name="" sourceRef="sid-B614AE31-B0BF-4631-A2A5-2EE76511CF77" targetRef="sid-FA7457AC-E2D8-4F22-A4A6-237F4A333857"/>
      <sequenceFlow id="sid-7000BA52-F61F-46C8-B4D9-3A6A41A82EB5" name="" sourceRef="sid-FA7457AC-E2D8-4F22-A4A6-237F4A333857" targetRef="sid-26CFC0AE-CCC7-4545-92E8-F88C6BA44C33"/>
      <sequenceFlow id="sid-ABB5AD5D-859B-484A-A7E9-379A06C818A5" name="" sourceRef="sid-26CFC0AE-CCC7-4545-92E8-F88C6BA44C33" targetRef="sid-24563264-9E7F-4065-B18B-5776AD22039E"/>
      <sequenceFlow id="sid-8682BD59-C4A9-4E48-81B1-1A859EA0E3A4" name="" sourceRef="sid-26CFC0AE-CCC7-4545-92E8-F88C6BA44C33" targetRef="sid-B59AF1B4-7355-4FE3-A094-5C0CED212F3B"/>
      <sequenceFlow id="sid-AF05EA24-440D-496F-B7AE-F85664501E97" name="" sourceRef="sid-24563264-9E7F-4065-B18B-5776AD22039E" targetRef="sid-A7550E5C-AEA1-4E61-8982-3762D9DF1884"/>
      <sequenceFlow id="sid-FAF68895-EE74-46B0-8E04-87E7AEDAE0F6" name="" sourceRef="sid-24563264-9E7F-4065-B18B-5776AD22039E" targetRef="sid-BADD45D9-BF98-4E2A-B984-7A0FF87492CA"/>
      <sequenceFlow id="sid-B8C72487-EDAF-4B3C-8519-B4E21724C47D" name="" sourceRef="sid-B59AF1B4-7355-4FE3-A094-5C0CED212F3B" targetRef="sid-329C24B6-96D5-4D20-BD84-7966B611275D"/>
      <sequenceFlow id="sid-FF8F1720-6568-4529-9741-5D79951B7C74" name="" sourceRef="sid-B59AF1B4-7355-4FE3-A094-5C0CED212F3B" targetRef="sid-E4AEF289-0366-4031-93F9-E6D761096E18"/>
      <sequenceFlow id="sid-71893225-3BD9-4C64-B907-3FB83C50BDAA" name="" sourceRef="sid-A7550E5C-AEA1-4E61-8982-3762D9DF1884" targetRef="sid-701DAC9B-E4DE-408B-8095-2921EAEFBD3E"/>
      <sequenceFlow id="sid-9E3F2271-76F5-4FA6-8F7F-86CF29A80D0E" name="" sourceRef="sid-BADD45D9-BF98-4E2A-B984-7A0FF87492CA" targetRef="sid-701DAC9B-E4DE-408B-8095-2921EAEFBD3E"/>
      <sequenceFlow id="sid-0FC241EF-84F3-4B8F-849F-50DCC17C2881" name="" sourceRef="sid-329C24B6-96D5-4D20-BD84-7966B611275D" targetRef="sid-0D616434-9CFA-441A-968E-D4CE81CBEDF4"/>
      <sequenceFlow id="sid-21D5A053-8CFB-48B5-AFD3-9A9E36ED02EC" name="" sourceRef="sid-E4AEF289-0366-4031-93F9-E6D761096E18" targetRef="sid-0D616434-9CFA-441A-968E-D4CE81CBEDF4"/>
      <sequenceFlow id="sid-50EA2D8E-1CBB-4152-B96F-BB0C5B5666E1" name="" sourceRef="sid-701DAC9B-E4DE-408B-8095-2921EAEFBD3E" targetRef="sid-2734BF6A-A61C-4E2C-80C3-E3D4FB313DB0"/>
      <sequenceFlow id="sid-5319F2AD-43F7-42E0-B0A2-6BC38B82307A" name="" sourceRef="sid-0D616434-9CFA-441A-968E-D4CE81CBEDF4" targetRef="sid-466D7190-399A-4BCD-9DAF-904F895597B8"/>
   </process>
   <bpmndi:BPMNDiagram id="sid-f4360ce2-d6ac-4564-b7bc-49f0ce3bd52e">
      <bpmndi:BPMNPlane bpmnElement="ParallelMultipleEvents_R5" id="sid-2ab501e7-70ec-4b02-aacd-255240912e06">
         <bpmndi:BPMNShape bpmnElement="sid-B614AE31-B0BF-4631-A2A5-2EE76511CF77" id="sid-B614AE31-B0BF-4631-A2A5-2EE76511CF77_gui">
            <omgdc:Bounds height="30.0" width="30.0" x="75.0" y="240.0"/>
            <bpmndi:BPMNLabel labelStyle="sid-558c5cd0-97e9-4379-9f72-1fdf8791c572">
               <omgdc:Bounds height="11.0" width="59.400001525878906" x="60.29999923706055" y="272.0"/>
            </bpmndi:BPMNLabel>
         </bpmndi:BPMNShape>
         <bpmndi:BPMNShape bpmnElement="sid-FA7457AC-E2D8-4F22-A4A6-237F4A333857" id="sid-FA7457AC-E2D8-4F22-A4A6-237F4A333857_gui">
            <omgdc:Bounds height="80.0" width="113.0" x="150.0" y="215.0"/>
            <bpmndi:BPMNLabel labelStyle="sid-5f8edc2a-7fc0-44e5-b8f0-ea5f44623805">
               <omgdc:Bounds height="12.0" width="101.05714416503906" x="155.97142791748047" y="247.0"/>
            </bpmndi:BPMNLabel>
         </bpmndi:BPMNShape>
         <bpmndi:BPMNShape bpmnElement="sid-26CFC0AE-CCC7-4545-92E8-F88C6BA44C33" id="sid-26CFC0AE-CCC7-4545-92E8-F88C6BA44C33_gui">
            <omgdc:Bounds height="40.0" width="40.0" x="295.0" y="235.0"/>
            <bpmndi:BPMNLabel labelStyle="sid-558c5cd0-97e9-4379-9f72-1fdf8791c572">
               <omgdc:Bounds height="12.0" width="62.4857177734375" x="325.5" y="265.5"/>
            </bpmndi:BPMNLabel>
         </bpmndi:BPMNShape>
         <bpmndi:BPMNShape bpmnElement="sid-24563264-9E7F-4065-B18B-5776AD22039E" id="sid-24563264-9E7F-4065-B18B-5776AD22039E_gui">
            <omgdc:Bounds height="40.0" width="40.0" x="385.0" y="130.0"/>
            <bpmndi:BPMNLabel labelStyle="sid-558c5cd0-97e9-4379-9f72-1fdf8791c572">
               <omgdc:Bounds height="12.0" width="62.4857177734375" x="415.5" y="160.5"/>
            </bpmndi:BPMNLabel>
         </bpmndi:BPMNShape>
         <bpmndi:BPMNShape bpmnElement="sid-B59AF1B4-7355-4FE3-A094-5C0CED212F3B" id="sid-B59AF1B4-7355-4FE3-A094-5C0CED212F3B_gui">
            <omgdc:Bounds height="40.0" width="40.0" x="385.0" y="340.0"/>
            <bpmndi:BPMNLabel labelStyle="sid-558c5cd0-97e9-4379-9f72-1fdf8791c572">
               <omgdc:Bounds height="12.0" width="62.4857177734375" x="415.5" y="370.5"/>
            </bpmndi:BPMNLabel>
         </bpmndi:BPMNShape>
         <bpmndi:BPMNShape bpmnElement="sid-A7550E5C-AEA1-4E61-8982-3762D9DF1884" id="sid-A7550E5C-AEA1-4E61-8982-3762D9DF1884_gui">
            <omgdc:Bounds height="80.0" width="113.0" x="495.0" y="45.0"/>
            <bpmndi:BPMNLabel labelStyle="sid-5f8edc2a-7fc0-44e5-b8f0-ea5f44623805">
               <omgdc:Bounds height="12.0" width="101.05714416503906" x="500.97142791748047" y="77.0"/>
            </bpmndi:BPMNLabel>
         </bpmndi:BPMNShape>
         <bpmndi:BPMNShape bpmnElement="sid-BADD45D9-BF98-4E2A-B984-7A0FF87492CA" id="sid-BADD45D9-BF98-4E2A-B984-7A0FF87492CA_gui">
            <omgdc:Bounds height="80.0" width="113.0" x="495.0" y="165.0"/>
            <bpmndi:BPMNLabel labelStyle="sid-5f8edc2a-7fc0-44e5-b8f0-ea5f44623805">
               <omgdc:Bounds height="12.0" width="101.05714416503906" x="500.97142791748047" y="197.0"/>
            </bpmndi:BPMNLabel>
         </bpmndi:BPMNShape>
         <bpmndi:BPMNShape bpmnElement="sid-329C24B6-96D5-4D20-BD84-7966B611275D" id="sid-329C24B6-96D5-4D20-BD84-7966B611275D_gui">
            <omgdc:Bounds height="80.0" width="113.0" x="495.0" y="270.0"/>
            <bpmndi:BPMNLabel labelStyle="sid-5f8edc2a-7fc0-44e5-b8f0-ea5f44623805">
               <omgdc:Bounds height="12.0" width="101.05714416503906" x="500.97142791748047" y="302.0"/>
            </bpmndi:BPMNLabel>
         </bpmndi:BPMNShape>
         <bpmndi:BPMNShape bpmnElement="sid-E4AEF289-0366-4031-93F9-E6D761096E18" id="sid-E4AEF289-0366-4031-93F9-E6D761096E18_gui">
            <omgdc:Bounds height="80.0" width="113.0" x="495.0" y="395.0"/>
            <bpmndi:BPMNLabel labelStyle="sid-5f8edc2a-7fc0-44e5-b8f0-ea5f44623805">
               <omgdc:Bounds height="12.0" width="101.05714416503906" x="500.97142791748047" y="427.0"/>
            </bpmndi:BPMNLabel>
         </bpmndi:BPMNShape>
         <bpmndi:BPMNShape bpmnElement="sid-701DAC9B-E4DE-408B-8095-2921EAEFBD3E" id="sid-701DAC9B-E4DE-408B-8095-2921EAEFBD3E_gui">
            <omgdc:Bounds height="40.0" width="40.0" x="640.0" y="130.0"/>
            <bpmndi:BPMNLabel labelStyle="sid-558c5cd0-97e9-4379-9f72-1fdf8791c572">
               <omgdc:Bounds height="12.0" width="62.4857177734375" x="670.5" y="160.5"/>
            </bpmndi:BPMNLabel>
         </bpmndi:BPMNShape>
         <bpmndi:BPMNShape bpmnElement="sid-0D616434-9CFA-441A-968E-D4CE81CBEDF4" id="sid-0D616434-9CFA-441A-968E-D4CE81CBEDF4_gui">
            <omgdc:Bounds height="40.0" width="40.0" x="640.0" y="340.0"/>
            <bpmndi:BPMNLabel labelStyle="sid-558c5cd0-97e9-4379-9f72-1fdf8791c572">
               <omgdc:Bounds height="12.0" width="62.4857177734375" x="670.5" y="370.5"/>
            </bpmndi:BPMNLabel>
         </bpmndi:BPMNShape>
         <bpmndi:BPMNShape bpmnElement="sid-2734BF6A-A61C-4E2C-80C3-E3D4FB313DB0" id="sid-2734BF6A-A61C-4E2C-80C3-E3D4FB313DB0_gui">
            <omgdc:Bounds height="28.0" width="28.0" x="755.0" y="136.0"/>
            <bpmndi:BPMNLabel labelStyle="sid-558c5cd0-97e9-4379-9f72-1fdf8791c572">
               <omgdc:Bounds height="11.0" width="62.93571472167969" x="737.5321426391602" y="166.0"/>
            </bpmndi:BPMNLabel>
         </bpmndi:BPMNShape>
         <bpmndi:BPMNShape bpmnElement="sid-466D7190-399A-4BCD-9DAF-904F895597B8" id="sid-466D7190-399A-4BCD-9DAF-904F895597B8_gui">
            <omgdc:Bounds height="28.0" width="28.0" x="755.0" y="346.0"/>
            <bpmndi:BPMNLabel labelStyle="sid-558c5cd0-97e9-4379-9f72-1fdf8791c572">
               <omgdc:Bounds height="11.0" width="62.93571472167969" x="737.5321426391602" y="376.0"/>
            </bpmndi:BPMNLabel>
         </bpmndi:BPMNShape>
         <bpmndi:BPMNEdge bpmnElement="sid-4090699D-3240-4483-8A07-45DC488A23A6" id="sid-4090699D-3240-4483-8A07-45DC488A23A6_gui">
            <omgdi:waypoint x="105.0" y="255.0"/>
            <omgdi:waypoint x="150.0" y="255.0"/>
         </bpmndi:BPMNEdge>
         <bpmndi:BPMNEdge bpmnElement="sid-7000BA52-F61F-46C8-B4D9-3A6A41A82EB5" id="sid-7000BA52-F61F-46C8-B4D9-3A6A41A82EB5_gui">
            <omgdi:waypoint x="263.0" y="255.2591743119266"/>
            <omgdi:waypoint x="295.0" y="255.4059633027523"/>
         </bpmndi:BPMNEdge>
         <bpmndi:BPMNEdge bpmnElement="sid-ABB5AD5D-859B-484A-A7E9-379A06C818A5" id="sid-ABB5AD5D-859B-484A-A7E9-379A06C818A5_gui">
            <omgdi:waypoint x="315.5" y="235.0"/>
            <omgdi:waypoint x="315.5" y="150.5"/>
            <omgdi:waypoint x="385.0" y="150.5"/>
         </bpmndi:BPMNEdge>
         <bpmndi:BPMNEdge bpmnElement="sid-8682BD59-C4A9-4E48-81B1-1A859EA0E3A4" id="sid-8682BD59-C4A9-4E48-81B1-1A859EA0E3A4_gui">
            <omgdi:waypoint x="315.5" y="275.0"/>
            <omgdi:waypoint x="315.5" y="360.5"/>
            <omgdi:waypoint x="385.0" y="360.5"/>
         </bpmndi:BPMNEdge>
         <bpmndi:BPMNEdge bpmnElement="sid-AF05EA24-440D-496F-B7AE-F85664501E97" id="sid-AF05EA24-440D-496F-B7AE-F85664501E97_gui">
            <omgdi:waypoint x="405.5" y="130.0"/>
            <omgdi:waypoint x="405.5" y="85.0"/>
            <omgdi:waypoint x="495.0" y="85.0"/>
         </bpmndi:BPMNEdge>
         <bpmndi:BPMNEdge bpmnElement="sid-FAF68895-EE74-46B0-8E04-87E7AEDAE0F6" id="sid-FAF68895-EE74-46B0-8E04-87E7AEDAE0F6_gui">
            <omgdi:waypoint x="405.5" y="170.0"/>
            <omgdi:waypoint x="405.5" y="205.0"/>
            <omgdi:waypoint x="495.0" y="205.0"/>
         </bpmndi:BPMNEdge>
         <bpmndi:BPMNEdge bpmnElement="sid-B8C72487-EDAF-4B3C-8519-B4E21724C47D" id="sid-B8C72487-EDAF-4B3C-8519-B4E21724C47D_gui">
            <omgdi:waypoint x="405.5" y="340.0"/>
            <omgdi:waypoint x="405.5" y="310.0"/>
            <omgdi:waypoint x="495.0" y="310.0"/>
         </bpmndi:BPMNEdge>
         <bpmndi:BPMNEdge bpmnElement="sid-FF8F1720-6568-4529-9741-5D79951B7C74" id="sid-FF8F1720-6568-4529-9741-5D79951B7C74_gui">
            <omgdi:waypoint x="405.5" y="380.0"/>
            <omgdi:waypoint x="405.5" y="435.0"/>
            <omgdi:waypoint x="495.0" y="435.0"/>
         </bpmndi:BPMNEdge>
         <bpmndi:BPMNEdge bpmnElement="sid-71893225-3BD9-4C64-B907-3FB83C50BDAA" id="sid-71893225-3BD9-4C64-B907-3FB83C50BDAA_gui">
            <omgdi:waypoint x="608.0" y="85.0"/>
            <omgdi:waypoint x="660.5" y="85.0"/>
            <omgdi:waypoint x="660.5" y="130.0"/>
         </bpmndi:BPMNEdge>
         <bpmndi:BPMNEdge bpmnElement="sid-9E3F2271-76F5-4FA6-8F7F-86CF29A80D0E" id="sid-9E3F2271-76F5-4FA6-8F7F-86CF29A80D0E_gui">
            <omgdi:waypoint x="608.0" y="205.0"/>
            <omgdi:waypoint x="660.5" y="205.0"/>
            <omgdi:waypoint x="660.5" y="170.0"/>
         </bpmndi:BPMNEdge>
         <bpmndi:BPMNEdge bpmnElement="sid-0FC241EF-84F3-4B8F-849F-50DCC17C2881" id="sid-0FC241EF-84F3-4B8F-849F-50DCC17C2881_gui">
            <omgdi:waypoint x="608.0" y="310.0"/>
            <omgdi:waypoint x="660.5" y="310.0"/>
            <omgdi:waypoint x="660.5" y="340.0"/>
         </bpmndi:BPMNEdge>
         <bpmndi:BPMNEdge bpmnElement="sid-21D5A053-8CFB-48B5-AFD3-9A9E36ED02EC" id="sid-21D5A053-8CFB-48B5-AFD3-9A9E36ED02EC_gui">
            <omgdi:waypoint x="608.0" y="435.0"/>
            <omgdi:waypoint x="660.5" y="435.0"/>
            <omgdi:waypoint x="660.5" y="380.0"/>
         </bpmndi:BPMNEdge>
         <bpmndi:BPMNEdge bpmnElement="sid-50EA2D8E-1CBB-4152-B96F-BB0C5B5666E1" id="sid-50EA2D8E-1CBB-4152-B96F-BB0C5B5666E1_gui">
            <omgdi:waypoint x="680.0" y="150.41013824884791"/>
            <omgdi:waypoint x="755.0" y="150.06451612903226"/>
         </bpmndi:BPMNEdge>
         <bpmndi:BPMNEdge bpmnElement="sid-5319F2AD-43F7-42E0-B0A2-6BC38B82307A" id="sid-5319F2AD-43F7-42E0-B0A2-6BC38B82307A_gui">
            <omgdi:waypoint x="680.0" y="360.41013824884794"/>
            <omgdi:waypoint x="755.0" y="360.06451612903226"/>
         </bpmndi:BPMNEdge>
      </bpmndi:BPMNPlane>
      <bpmndi:BPMNLabelStyle id="sid-558c5cd0-97e9-4379-9f72-1fdf8791c572">
         <omgdc:Font isBold="false" isItalic="false" isStrikeThrough="false" isUnderline="false" name="Arial" size="11.0"/>
      </bpmndi:BPMNLabelStyle>
      <bpmndi:BPMNLabelStyle id="sid-5f8edc2a-7fc0-44e5-b8f0-ea5f44623805">
         <omgdc:Font isBold="false" isItalic="false" isStrikeThrough="false" isUnderline="false" name="Arial" size="12.0"/>
      </bpmndi:BPMNLabelStyle>
   </bpmndi:BPMNDiagram>
</definitions>
